product_name,price,discount,sold,shipping
Máy làm sữa hạt Elmich CBE 3904 OL (800W) - Hàng chính hãng,1.690.000₫,-49%,Đã bán 217,ELMICH Đã bán 217 Giao siêu tốc 2h
Máy làm sữa hạt Elmich CBE3902 mẫu mới 2023 điều khiển cảm ứng - Hàng chính hãng,2.210.000₫,-35%,Đã bán 32,ELMICH Đã bán 32 Giao siêu tốc 2h
"Máy làm sữa hạt Unie chính hãng UMB08, UMB08 PRO công suất 600W, máy sữa hạt dung tích 600ml, 5 chức năng xay nấu tiện lợi, xay nhuyễn mịn mọi thực phẩm, vệ sinh dễ dàng, chất liệu an toàn sức khỏe",1.390.000₫,-46%,Đã bán 69,"UNIE Đã bán 69 1 Loại máy Giảm 50K Giao sáng thứ 5, 20/06"
Máy làm sữa hạt đa năng Nagakawa NAG0824 (1.2L - 1200W) - Hàng chính hãng,2.150.000₫,-38%,Đã bán 21,"NAGAKAWA Đã bán 21 Giao thứ 5, 20/06"
Máy Làm Sữa Đậu Nành Lock&Lock EJS226 (1.3 Lít) - Hàng Chính Hãng,1.740.000₫,-48%,Đã bán 2.5k,LOCKNLOCK Đã bán 2.5k Giảm 70K Giao siêu tốc 2h
Máy Làm Sữa Hạt Đa Năng Bluestone SMB-7329 (1.3 Lít) - Hàng Chính Hãng,1.590.000₫,-20%,Đã bán 130,BLUESTONE Đã bán 130 Giảm 100K Giao siêu tốc 2h
Máy làm sữa hạt xay nấu UNIE V8S công suất 1800W dung tích 1.75L - Hàng chính hãng,2.890.000₫,-45%,Đã bán 283,"UNIE Đã bán 283 Giảm 50K Giao sáng thứ 5, 20/06"
Máy sữa hạt đa năng KUCHEN DKS1281 - Hàng Chính Hãng,9.500.000₫,,,"KUCHEN Đã bán 1 1 quà Giao sáng thứ 5, 20/06"
"Máy làm sữa hạt đa năng UNIE UMB06 Dung tích 600ml, Nâng cấp 6 tính năng xay nấu,lòng cối dao xay chất liệu inox 304 cao cấp,thiết kế hiện đại,nhỏ gọn,hàng chính hãng.",1.590.000₫,-20%,Đã bán 12,"UNIE Đã bán 12 Giao sáng thứ 5, 20/06"
"Máy Làm Sữa Hạt, Máy Nấu Sữa Hạt OSTMARS Hàng Chính Hãng MINIIN 800ml - 8 Chức Năng Xay Nấu Tiện Lợi",386.100₫,-10%,Đã bán 388,MINIIN Đã bán 388 2 Màu 2 Model Giao siêu tốc 2h
"Máy làm sữa hạt Bear 600ml, 6 chức năng, xay nấu sữa hạt, xay sinh tố đa năng ANH LAM STORE - Hàng chính hãng",880.000₫,-8%,Đã bán 3,"BEAR Đã bán 3 Giao thứ 7, 22/06"
"Máy làm sữa hạt Bear PBJ-D10T1 1.75L - Công suất 1000W, có chế độ nóng và dùng đá, Hàng chính hãng",1.828.750₫,-5%,,"BEAR Giao thứ 7, 22/06"
Máy Làm Sữa Hạt Đa Năng Giảm Tiếng Ồn Magic Eco AC -141 (1.5 Lít) - Hàng chính hãng,2.400.000₫,-33%,Đã bán 13,MAGIC ECO Đã bán 13 Giao siêu tốc 2h
"Máy làm sữa hạt Unie VX, thiết kế độc đáo, lưỡi dao 8 cánh inox 304, cối thủy tinh 5 lớp bền bỉ 1.75L, 14 chức năng cao cấp, công nghệ chống trào,  động cơ 1800w siêu khỏe, siêu bền an toàn- hàng chính hãng",2.290.000₫,-34%,Đã bán 1,"UNIE Đã bán 1 Giao sáng thứ 5, 20/06"
"Máy Làm Sữa Hạt Unie V9s Phiên Bản Cao Cấp dung tích 1.75L,công suất 1800w, Thiết kế hiện đại, sang trọng, Công nghệ sấy khô khử khuẩn, tính năng tạm dừng hiện đại - Hàng Chính Hãng",2.990.000₫,-43%,Đã bán 1,"UNIE Đã bán 1 Giao sáng thứ 5, 20/06"
"Máy làm sữa hạt đa năng chuyên dụng Mitomo MSH-539V1, công suất 1800W, hàng chính hãng bảo hành 3 năm toàn quốc",1.859.000₫,-28%,,"MITOMO Đã bán 1 Giao sáng thứ 5, 20/06"
"Máy làm sữa hạt Bear DJJ-D06W5 - Dung tích 1L, 8 chức năng, Chống ồn - BẢN TIẾNG ANH, HÀNG CHÍNH HÃNG",1.290.000₫,-13%,,BEAR Đã bán 1 Giao siêu tốc 2h
"Máy làm sữa hạt 1.5L Bear PBJ-C16Q8, 2 chế độ xay nóng/ lạnh, chống dính, hẹn giờ 24 tiếng - HÀNG CHÍNH HÃNG",1.790.000₫,-18%,Đã bán 3,"BEAR Đã bán 3 Giao thứ 5, 20/06"
"Máy làm sữa hạt đa năng Bear PBJ-D08T1 - Dung tích 1.5L, Có chụp chống ồn và chống bỏng, 2 chế độ Nóng & Lạnh - Hàng chính hãng, Bản Quốc tế",2.350.000₫,-11%,,"BEAR Đã bán 3 Giao thứ 5, 20/06"
