title,date,description,article
TP HCM công bố điểm thi lớp 10 vào sáng 19/6,"Thứ ba, 18/6/2024, 22:08 (GMT+7)","Thí sinh có thể tra cứu điểm thi vào lớp 10 ở TP HCM vào sáng 19/6, sớm hơn một ngày so với dự kiến.","Ông Hồ Tấn Minh, Chánh văn phòng Sở Giáo dục và Đào tạo TP HCM, tối 18/6 cho biết thông tin trên. Tra cứu điểm thi lớp 10 trên VnExpress Sau khi nhận kết quả, nếu muốn phúc khảo, học sinh làm đơn và nộp tại trường THCS nơi theo học, thời gian từ 21 đến 24/6 và nhận kết quả vào ngày 30/6. Sở dự kiến công bố điểm chuẩn vào lớp 10 chuyên, tích hợp hôm 24/6, điểm chuẩn vào các lớp 10 thường (đại trà) vào ngày 10/7. Kỳ thi lớp 10 của TP HCM diễn ra hôm 6-7/6 với hơn 98.000 thí sinh, cạnh tranh 77.300 suất học. Điểm xét tuyển hệ đại trà là tổng điểm 3 môn Ngữ văn, Toán, Ngoại ngữ và điểm ưu tiên (nếu có). Thí sinh phải dự thi đủ ba môn, không vi phạm quy chế, không bị điểm liệt (0 điểm). Một số giáo viên chấm thi cho biết điểm môn Văn tập trung nhiều ở khoảng 5-7,5. Số lượng học sinh đạt điểm 9 trở lên không nhiều bằng năm ngoái. Với môn Toán, bài điểm 10 lác đác, điểm giỏi (từ 8 trở lên) ít. Môn Tiếng Anh không có ""mưa"" điểm 10, mức điểm phổ biến là 6-8. Do đó, điểm chuẩn lớp 10 năm nay được dự đoán giảm 0,5-2. Năm ngoái, THPT Nguyễn Thượng Hiền lấy đầu vào cao nhất, thí sinh đạt trung bình 8,5 điểm một môn mới đỗ. Trong top 10 còn có Gia Định, Nguyễn Thị Minh Khai, Nguyễn Hữu Huân, Bùi Thị Xuân, Phú Nhuận, Trần Phú, Lê Quý Đôn, Mạc Đĩnh Chi, Nguyễn Hữu Cầu, đều lấy từ 23 điểm trở lên. Mức thấp nhất là THPT Đa Phước, Bình Khánh, Cần Thạnh, An Nghĩa, THCS&THPT Thạnh An với 10,5 điểm, tức trung bình 3,5 điểm một môn. Lệ Nguyễn"
"Điểm chuẩn lớp 10 ở Đà Nẵng cao nhất 58,38","Thứ ba, 18/6/2024, 19:50 (GMT+7)","Trường THPT Phan Châu Trinh lấy điểm chuẩn 58,38, tăng 0,25 so với năm ngoái, là mức cao nhất từ trước đến nay ở Đà Nẵng.","Sở Giáo dục và Đào tạo thành phố Đà Nẵng tối 18/6 công bố điểm chuẩn lớp 10 công lập. Trừ THPT Phan Châu Trinh, các trường đều lấy dưới 55 điểm. Mức này là tổng điểm thi môn Toán, Ngữ văn (nhân hệ số hai), Ngoại ngữ (hệ số một) cộng điểm học tập và hạnh kiểm 4 năm THCS (10-20 điểm), cùng điểm ưu tiên (nếu có). So với năm ngoái, điểm chuẩn của hầu hết trường top dưới tăng. Trong đó, tăng mạnh nhất là trường Phạm Phú Thứ, từ 39 lên 40,75 điểm. Tiếp đó là THPT Ông Ích Khiêm và Phan Thành Tài, lần lượt lấy 37,63 và 39,75 điểm, cùng tăng 1,5 so với năm học trước. Ở chiều ngược lại, THPT Hòa Vang giảm điểm chuẩn mạnh nhất - từ 55,63 điểm còn 53,5, theo sau là Nguyễn Hiền với 44,38 điểm, giảm 2 so với năm ngoái. Những trường khác chỉ giảm nhẹ, phổ biến khoảng 0,12 đến 0,5 điểm. Ngoài ra, Sở Giáo dục và Đào tạo công bố điểm chuẩn vào lớp 10 trường THPT chuyên Lê Quý Đôn (là tổng điểm ba môn chung cộng điểm môn chuyên nhân hệ số 3, tối đa 60 điểm): Kỳ thi lớp 10 ở Đà Nẵng diễn ra từ ngày 2 đến 4/6 với hơn 16.500 thí sinh. Trong số này, khoảng 11.000 em trúng tuyển. Theo thống kê của Sở, môn Tiếng Anh có nhiều thí sinh đạt điểm trên 8 nhất - hơn 5.780, trong đó 316 điểm 10. Thấp nhất là môn Ngữ văn với 1.055 em đạt 8 trở lên, không có điểm 10. Trong khi đó, môn Toán có 16 điểm 10, trong gần 2.200 bài thi trên 8 điểm. Dương Tâm"
"Học phí, tiền lương ngành Kỹ thuật xét nghiệm Y học","Thứ ba, 18/6/2024, 09:51 (GMT+7)","Học phí ngành Kỹ thuật xét nghiệm Y học ở các trường công khoảng 27-41 triệu đồng mỗi năm, sinh viên tốt nghiệp nhận lương khởi điểm chừng 8-9 triệu đồng.","Theo Tổ chức Y tế thế giới, Việt Nam có khoảng 1.150 bệnh viện công cấp huyện, tỉnh và trung ương cùng hơn 180 bệnh viện tư. Hầu hết có khoa xét nghiệm. Ngành Kỹ thuật xét nghiệm Y học hiện được đào tạo ở các trường Y công lập và một số trường tư như Đại học Phenikaa, Công nghệ TP HCM (Hutech), Quốc tế Hồng Bàng... Các trường cho biết đây là một trong những ngành cận lâm sàng, đóng vai trò quan trọng trong hỗ trợ chẩn đoán, điều trị và tiên lượng bệnh. Xét nghiệm Y học bao gồm các lĩnh vực chính: Hóa sinh, Huyết học, Vi sinh - Ký sinh trùng, Giải phẫu bệnh. Chương trình học Cử nhân Kỹ thuật xét nghiệm Y học được đào tạo trong 4 năm, với các phần kiến thức đại cương, các môn cơ sở ngành và chuyên ngành. Trong đó, môn chuyên ngành xoay quanh lĩnh vực Hóa sinh, Huyết học, Vi sinh - Ký sinh trùng, Giải phẫu bệnh, Sinh học phân tử. Tuy nhiên, số lượng môn học, tín chỉ giữa các trường khác nhau. Như tại Đại học Y Hà Nội, sinh viên học gần 170 tín chỉ trong 4 năm. Chương trình của trường Đại học Y Dược, Đại học Quốc gia Hà Nội, là 141 tín chỉ, còn Đại học Y tế công cộng là 135 tín chỉ. Ở trường Y tế công cộng, chương trình còn có khối kiến thức bổ trợ. Người học tự chọn 8/18 tín chỉ, thuộc các học phần như Xét nghiệm tế bào nâng cao, Hóa sinh - miễn dịch nâng cao, xét nghiệm huyết học nâng cao, sức khỏe môi trường, xét nghiệm môi trường... Theo TS Đặng Thế Hưng, Giám đốc Trung tâm Xét nghiệm của trường, chương trình học ngành Kỹ thuật xét nghiệm y học gần như là 50% lý thuyết và 50% thực hành. Sinh viên học lý thuyết đến đâu sẽ được thực hành tới đó. ""Từ năm thứ 3, sinh viên đi trải nghiệm công việc thực tiễn rất nhiều để đảm bảo sau khi ra trường, họ có thể làm việc tại các cơ sở y tế"", ông Hưng nói. Các trường cho biết mục tiêu đào tạo là sinh viên có y đức, kiến thức khoa học cơ bản, chuyên ngành và làm chủ được các kỹ thuật chuyên môn. Ngoài ra, họ có khả năng tự học, nghiên cứu, giải quyết vấn đề, giao tiếp... Đại học Y Hà Nội nêu rõ tố chất để học ngành này là trung thực, cẩn thận, tỉ mỉ, có tinh thần trách nhiệm bởi kết quả xét nghiệm hỗ trợ bác sĩ chẩn đoán, điều trị. Học phí năm học 2024 - 2025 Đại học Y Hà Nội: 41,8 triệu đồng. Trường Đại học Y Dược, Đại học Quốc gia Hà Nội: 27,6 triệu đồng. Trường Đại học Y tế công cộng: gần 32 triệu đồng. Trường Đại học Y khoa Phạm Ngọc Thạch: 41,8 triệu đồng. Trường Đại học Y Dược Cần Thơ: 38,6 triệu đồng. Cơ hội việc làm Theo các trường, sinh viên tốt nghiệp ngành Kỹ thuật xét nghiệm Y học có thể đảm nhiệm nhiều vị trí công việc: - Kỹ thuật viên xét nghiệm của bệnh viên, trung tâm y tế... - Chuyên viên tại các trung tâm nghiên cứu, các dự án. - Chuyên viên tại các công ty thiết bị y tế. - Học cao hơn và giảng dạy. Mức lương Theo TS Hưng, mức lương trung bình của sinh viên mới ra trường khoảng 8 triệu đồng, đạt 10-15 triệu đồng trở lên sau 1-2 năm kinh nghiệm. Một kỹ thuật viên xét nghiệm tại một bệnh viện tư ở Hà Nội cho biết lương khởi điểm của anh khoảng 7-9 triệu đồng, sau đó tăng dần theo năng lực và vị trí. Ngoài ra, kỹ thuật viên xét nghiệm có thêm phụ cấp trực và tiền lương tăng thêm, tùy theo doanh thu và chính sách của từng cơ sở y tế. Bình Minh - Dương Tâm"
Trường ĐH CMC thành lập khoa Vi điện tử và Viễn thông,"Thứ ba, 18/6/2024, 18:00 (GMT+7)","Trường Đại học CMC thành lập Khoa Vi Điện tử và Viễn thông, dự kiến đón lứa sinh viên đầu tiên vào năm học 2024-2025.","Khoa Vi Điện tử và Viễn thông giảng dạy các định hướng sau: Thiết kế vi mạch bán dẫn (IC Design), Công nghệ Mạng và Truyền thông tiên tiến, Hệ thống nhúng và IoT. Trong đó, thiết kế vi mạch là nội dung đào tạo chính nhằm tạo ra nguồn nhân lực chất lượng cao và thực hiện nghiên cứu về vi mạch, bán dẫn, nâng cao năng lực cạnh tranh của Việt Nam trong chuỗi cung ứng thế giới. Trường thiết kế chương trình của khoa Vi điện tử và Viễn thông nhằm đáp ứng các tiêu chuẩn của Hiệp hội Máy tính Mỹ (ACM), Hội đồng kiểm định các chương trình đào tạo kỹ thuật - công nghệ của Mỹ (ABET). Đồng thời, sinh viên có cơ hội tiếp cận các công cụ thiết kế, mô phỏng và đánh giá kiểm tra từ các hãng nổi tiếng trên thế giới như Synopsys, Cadence, Siemens (Mentor Graphics), Xilinx... Sau khi tốt nghiệp, các bạn có thể tham gia vào các khâu nghiên cứu, thiết kế, chế tạo, đóng gói vi mạch trong hệ sinh thái bán dẫn tại Việt Nam hoặc trong chuỗi cung ứng bán dẫn toàn cầu. Trường Đại học CMC dự kiến hợp tác với các trường đại học hàng đầu về lĩnh vực vi mạch và bán dẫn tại Mỹ, Hàn Quốc và Đài Loan (Trung Quốc). Đây là ba trong số bốn quốc gia và vùng lãnh thổ dẫn đầu về công nghệ chip, bán dẫn toàn cầu. Ngoài ra, trường cũng kết hợp với các cơ sở đào tạo và doanh nghiệp để cung cấp chứng chỉ ngắn hạn từ 6 tháng đến 2 năm, chương trình đào tạo nâng cao, văn bằng hai, cao đẳng, đại học, sau đại học về vi mạch và bán dẫn. Trước đó, Trường Đại học CMC đã ký kết thỏa thuận hợp tác với Synopsys - một trong những đơn vị sản xuất chip hàng đầu tại Mỹ. Tập đoàn này cung cấp chương trình đào tạo theo chuẩn toàn cầu và đào tạo giảng viên theo công cụ và quy trình thiết kế chuẩn công nghiệp của Synopsys. Ngoài ra, Synopsys sẽ kết nối trường với các viện nghiên cứu, đại học và doanh nghiệp về thiết kế vi mạch lớn trên thế giới. Ông Nguyễn Trung Chính - Chủ tịch Tập đoàn Công nghệ CMC cũng có cuộc gặp với đoàn lãnh đạo Nvidia - một trong những tập đoàn hàng đầu thế giới về sản xuất chip bán dẫn cho công nghệ AI, qua đó, tăng cường hợp tác chiến lược toàn diện của hai doanh nghiệp. Hai đơn vị cam kết xây dựng quan hệ đối tác chiến lược toàn diện lâu dài nhằm thực hiện các giải pháp đào tạo nguồn nhân lực, cùng xây dựng cộng đồng AI, gồm: nghiên cứu, startup, phát triển nguồn nhân lực AI chuyển đổi một triệu lập trình viên có khả năng ứng dụng AI tạo ra các giá trị mới, góp phần đưa Việt Nam trở thành trung tâm AI của khu vực. Theo các chuyên gia, Việt Nam đang đứng trước cơ hội tham gia sâu vào ngành bán dẫn, ngành công nghiệp tỷ đô nhưng đang ""khát"" nhân lực toàn cầu. Lãnh đạo Tập đoàn Công nghệ CMC và Trường Đại học CMC nhận định, đây là thời cơ vàng để nhân lực Việt Nam học hỏi công nghệ, hướng tới quốc gia tự chủ sản xuất và đóng gói chip trong tương lai. Ngay sau khi Chính phủ công bố ""Đề án phát triển nguồn nhân lực cho ngành bán dẫn với mục tiêu đào tạo, phát triển 50.000 nhân lực cho ngành đến năm 2030"", Tập đoàn Công nghệ CMC lên kế hoạch đẩy mạnh phát triển trong lĩnh vực thiết kế vi mạch (IC Design). Trong đó, Trường Đại học CMC có mục tiêu đào tạo nguồn nhân lực chất lượng cao phục vụ cho tập đoàn nói riêng và ngành công nghiệp bán dẫn tại Việt Nam nói chung. Ngoài ra, đơn vị đã bổ nhiệm TS. Đặng Minh Tuấn - Viện trưởng Viện Ứng dụng Công nghệ CMC (CMC ATI) làm trưởng khoa Vi điện tử và Viễn thông. Ông là cha đẻ của bộ gõ Vietkey - sản phẩm đạt giải Nhất cuộc thi ""Trí tuệ Việt Nam"". Tận trưởng khoa có hơn 19 năm công tác tại Viện Tự động hóa Kỹ thuật Quân sự, 15 công trình và đề tài nghiên cứu cấp Nhà nước, cấp bộ được bảo vệ thành công. Trường kỳ vọng ông sẽ mang những kiến thức, kinh nghiệm dày dặn, góp phần phát triển chương trình đào tạo khoa, đặc biệt là lĩnh vực thiết vi mạch bán dẫn. Nhật Lệ"
"'Điểm thi Văn lớp 10 ở TP HCM chủ yếu 5-7,5'","Thứ hai, 17/6/2024, 15:00 (GMT+7)","Phần lớn bài thi Văn có điểm 5-7,5, ít bài dưới trung bình và số điểm 9 trở lên không nhiều như năm ngoái, theo các giáo viên chấm thi lớp 10.","Một cán bộ Sở Giáo dục và Đào tạo TP HCM hôm nay cho biết công tác chấm thi lớp 10 đã hoàn thành vào chiều 16/6. Điểm các môn đang được nhập lên hệ thống, công bố vào ngày 20/6. Với môn Văn, theo một giáo viên ở quận 10, đề năm nay nhẹ nhàng nên điểm tương đương năm trước. Trong đó, ở phần Đọc-Hiểu, các em dễ dàng lấy điểm ở câu a, b, c. Với phần Nghị luận văn học, hầu hết làm bài tốt vì đề 2 mở, được tự chọn tác phẩm thơ để phân tích. Ngược lại, nhiều em mất điểm nhiều ở câu Nghị luận xã hội. ""Nghị luận xã hội là câu phân hóa thí sinh. Nhiều em không hiểu đề, viết lan man. Những em tư duy tốt sẽ viết được đúng trọng tâm"", ông nói. Những bài thầy giáo này chấm có điểm phổ biến là 6,75-7,5, rất ít bài dưới trung bình. Thí sinh đạt điểm 8 nhiều nhưng ít bài trên 9. Sau 6 ngày chấm thi, một giáo viên của quận Bình Thạnh, cũng đưa ra nhận định tương tự. ""Khoảng 1/5 bài thi tôi chấm dưới điểm trung bình. Bài điểm cao nhất là 9,5, thấp nhất là 0,5. Nhìn chung, điểm môn Văn tập trung 5-7,5"", cô nói. Theo giám khảo này, trong phần Đọc-Hiểu, học sinh thường mất điểm ở câu d. Đề yêu cầu nêu một hoạt động để khơi gợi tình yêu biển đảo nhưng nhiều em kể chung chung là đi làm từ thiện, nhặt rác. Ở câu nghị luận xã hội, với yêu cầu đưa ra quan điểm ""Biết nghĩ bằng con tim"", không nhiều bài đạt điểm cao do thí sinh viết dài dòng nhưng không rõ ý. Với phần Nghị luận văn học, nhiều học sinh chọn làm đề 1, phân tích tình cảm của bé Thu dành cho cha trong tác phẩm Chiếc lược ngà. Nhiều em sa đà kể lại câu chuyện mà không phân tích tình cảm, tâm lý nhân vật, hoặc phân tích lạc đề thành tình cảm của người, cũng có em quên nêu các yếu tố nghệ thuật, liên hệ thực tế. Kỳ thi vào lớp 10 công lập tại TP HCM diễn ra ngày 6-7/6 với hơn 98.000 thí sinh, khoảng 77.300 em sẽ trúng tuyển. Điểm xét tuyển hệ đại trà là tổng điểm 3 môn Ngữ văn, Toán, Ngoại ngữ và điểm ưu tiên (nếu có). Thí sinh phải dự thi đủ ba môn, không vi phạm quy chế, không bị điểm liệt (0 điểm). Năm ngoái, môn Văn có khoảng 90% bài thi đạt điểm trên trung bình, trong đó hơn 12% đạt từ 8 điểm trở lên. Điểm cao nhất ở môn này này là 9,25. Lệ Nguyễn"
Xếp hàng 16 tiếng chờ mua hồ sơ lớp 1 ở Sài Gòn,"Thứ hai, 17/6/2024, 09:38 (GMT+7)","Đến trường Tiểu học Thực hành Sài Gòn lúc gần nửa đêm 16/6, chị Thanh Nhung thấy khoảng 30 người đã đợi, trong khi đến 2h chiều hôm sau trường mới bán hồ sơ tuyển sinh.","Năm nay, trường Tiểu học Thực hành Sài Gòn, quận 3, phát hồ sơ đăng ký vào lớp 1 từ 14h ngày 17/6, phí là 50.000 đồng. Nhưng từ tối qua, nhiều phụ huynh đã đến trường xếp hàng, chờ lấy số thứ tự. ""Tôi cứ nghĩ mình tới sớm nhưng đến nơi đã có khoảng 30 người, sau đó phụ huynh kéo đến liên tục nhưng tôi tạm yên tâm vì nằm trong nhóm an toàn"", chị Thanh Nhung, quận 4, cho biết. Chị Nhung cho hay chồng là công chức, trong diện được ưu tiên của trường nhưng vẫn lo hồ sơ hết sớm. Rút kinh nghiệm của các phụ huynh năm ngoái, chị chấp nhận nghỉ việc một ngày để xếp hàng chờ. Có mặt lúc 5h hôm nay, anh Thanh Phong, quận 10, cũng ""choáng"" vì thấy khoảng 100 người xếp hàng. Sau đó, nhân viên trường mở cổng, lấy ghế cho phụ huynh chuyển vào ngồi chờ bên trong. ""Tôi nghĩ 14h phát hồ sơ thì sáng sớm đến là vừa, không ngờ nhiều người đã xếp hàng từ tối hôm trước. Dù cực nhưng mọi người xếp hàng văn minh, không ồn ào, nhà trường hỗ trợ tận tình"", anh Phong nói. Người bố cho biết nhà cách trường chỉ 1,5 km, thuận tiện đưa đón. Hơn nữa Tiểu học Thực hành Sài Gòn có không gian rộng rãi, thầy cô nổi tiếng có chuyên môn tốt nên anh muốn con được vào học. Đến 10h, trường đóng cổng vì lượng người chờ đã vượt chỉ tiêu tiếp nhận. Những phụ huynh đến sau thất vọng ra về. Những người đã xếp hàng không dám ra hàng ăn trưa, chỉ đặt đồ ăn hoặc nhờ gia đình tiếp tế qua cổng. Anh Thanh Phong được vợ mang cơm đến trường, phải nhờ người ngồi gần trông coi đồ đạc rồi ra ghế đá ăn vội. ""Tôi đặt bánh mì, cà phê qua ứng dụng. May là trường cho vào trong ngồi chờ, có máy quạt nên đỡ vạ vật"", anh Trọng Tuấn, một phụ huynh ở quận 3, cho biết. Trường Tiểu học Thực hành năm nay tuyển 150 học sinh lớp 1, giảm 25 so với năm ngoái. Hồ sơ sẽ được tiếp nhận theo thứ tự ưu tiên, lần lượt là: Con của viên chức, người lao động tại Đại học Sài Gòn (cơ quan chủ quản); Con của cá nhân, đơn vị có hợp tác, đóng góp cho sự phát triển của trường; Trẻ có cha hoặc mẹ là cán bộ, công chức, viên chức nhà nước; rồi đến nhóm trẻ mầm non còn lại. Kết quả trúng tuyển sẽ được trường công bố vào ngày 1/7. Đây không phải lần đầu có cảnh phụ huynh xếp hàng mua hồ sơ lớp 1 ở trường. Trả lời VnExpress sáng 17/6, đại diện trường cho hay do điều kiện cơ sở vật chất, giảng viên nên những năm qua, trường chưa thể tăng quy mô tuyển sinh, trong khi nhu cầu của phụ huynh cao. ""Tình trạng phụ huynh xếp hàng chờ là điều trường không mong muốn"", người này nói. ""Khác với lớp 6 có thể xét bằng điểm số, ngoại ngữ hay khảo sát năng lực, việc tuyển sinh lớp 1 chỉ có thể căn cứ theo nhóm ưu tiên và phát hành hồ sơ theo thứ tự"". Trường Tiểu học Thực hành là trường công lập, được thành lập năm 2019, trực thuộc trường Đại học Sài Gòn. Vì thực hiện mô hình tiên tiến của thành phố, sĩ số lớp ở đây chỉ 35 em, thay vì 40-45 như thông thường; tất cả giáo viên có thể dùng tiếng Anh giao tiếp, có kỹ năng tin học cơ bản. Về đầu ra, tối thiểu 50% học sinh đạt chứng chỉ tiếng Anh và Tin học theo chuẩn quốc tế. Trường thu phí mô hình tiên tiến khoảng 1,7 triệu đồng một tháng cùng các khoản thu khác (bán trú, xe đưa đón) theo thỏa thuận. Theo Luật Giáo dục, bậc tiểu học là phổ cập. Học sinh đến tuổi đi học được nhận vào các trường công lập, xét theo địa bàn cư trú. Tuy nhiên, vài năm gần đây, việc xếp hàng xuyên đêm hay bốc thăm chọn học sinh xảy ra ở một số địa phương. Một tuần trước, hàng trăm phụ huynh ở huyện Phù Ninh, tỉnh Phú Thọ, thức trắng đêm để đăng ký cho con vào lớp 1 trường Tiểu học giấy Bãi Bằng. Còn ở Thái Nguyên hôm 3/6, hơn 700 hồ sơ được bốc thăm để chọn ra 70 suất học lớp 1. Hầu hết trường lý giải khó áp dụng hình thức trực tuyến do vẫn có nhóm phụ huynh gặp khó trong kết nối mạng. Trong khi đó, việc tổ chức thi tuyển với trẻ 5 tuổi là không phù hợp. Lệ Nguyễn"
Nữ sinh đỗ thủ khoa Phổ thông Năng khiếu nhờ 'tinh thần thoải mái',"Thứ hai, 17/6/2024, 05:04 (GMT+7)","TP HCMKhông đặt nặng điểm số mà thi với tinh thần thoải mái, Thảo Ngọc vượt qua hơn 3.700 thí sinh, trở thành thủ khoa đầu vào trường Phổ thông Năng khiếu.","Lê Thảo Ngọc được bố gọi báo tin trưa 10/6, khi đang đi chơi với bạn bè ở Đà Lạt. Cựu học sinh trường THPT chuyên Trần Đại Nghĩa đạt tổng 41,35 điểm, trong đó môn Hóa chuyên 9,75, được nhân hệ số 2. ""Em vui đến mức nhảy tưng bừng trong phòng và làm vỡ đèn, bị khách sạn phạt 500.000 đồng"", Ngọc nhớ lại. Ngọc cho biết em và gia đình luôn coi các kỳ thi là đợt tự kiểm tra năng lực và lấy kinh nghiệm, không đặt nặng kết quả. Nữ sinh nhìn nhận tinh thần thoải mái, cộng thêm yếu tố may mắn đã giúp em đạt được mức điểm tốt nhất. Trong quá trình ôn tập, Ngọc không đề ra thời gian biểu quá chi tiết. Ngoài thời gian học ở trường và các lớp học thêm Toán, Văn, Tiếng Anh, Ngọc chơi game hoặc nói chuyện với bạn bè để thư giãn, chỉ dành một ít thời gian tự học nếu có bài gấp. Nữ sinh cho rằng cảm hứng học tập là điều quan trọng, ảnh hưởng nhiều đến kết quả. Ngọc xác định theo chuyên Hóa khi được tiếp xúc với môn này hồi lớp 8, ban đầu vì thấy cô giáo dạy hay, rồi càng ngày càng thích. Hóa học mang đến cho em sự tò mò, hứng thú vì vừa thực tế vừa ""thiên biến vạn hóa"". Em từng cho sắt vào dung dịch muối đồng, lắc và chờ chất rắn lắng xuống để thu được dung dịch màu xanh nhạt màu như lý thuyết, nhưng kết quả lại là dung dịch có màu vàng đất pha với xanh rêu. ""Nếu ở môn Toán, một cộng một chắc chắn được hai thì ở môn Hóa, nhiều khi cùng áp dụng một công thức nhưng chỉ cần khác nhau trình tự sẽ ra kết quả khác. Đây là điều khiến em hứng thú"", Ngọc nói. Với các môn khác, theo Ngọc, thời gian tiếp thu hiệu quả nhất là giờ giảng bài của thầy cô. Bất cứ môn nào, em cũng nghe kỹ các bài giảng, hiểu lý thuyết ngay trên lớp và ghi nhớ thông qua làm bài tập, luyện đề. Cô Lâm Nguyễn Tường Vy, giáo viên chủ nhiệm, ấn tượng với sự bứt phá của Ngọc. Đầu năm lớp 9, cô từng lo lắng về khả năng của em, phải trao đổi với các bạn, thầy cô bộ môn để tìm hiểu, động viên học trò. Nhưng chỉ sau 3 tháng, Ngọc chứng tỏ năng lực với kết quả nằm trong top 10 của lớp. Cuối năm, em vào top 5 với điểm tổng kết 9,7. Nữ sinh cũng thi học sinh giỏi môn Hóa cấp thành phố và đạt giải nhì, chỉ cách giải nhất nửa điểm. ""Ngọc có khả năng tự học rất cao, nghiêm túc. Nếu chỉ tiếp xúc trong thời gian ngắn sẽ thấy bạn hơi hướng nội, nhưng thật sự Ngọc là một cô bé hòa đồng, lễ phép"", cô Vy nhận xét. Ngọc đang chờ kết quả thi lớp 10 của Sở để cân nhắc chọn trường. Ba năm THPT sắp tới, em muốn tham gia nhiều hoạt động, sân chơi để xác định chính xác đam mê, ngành nghề sẽ theo đuổi trong tương lai. ""Em thấy rất may mắn khi được bố mẹ tin tưởng và cho tự quyết định việc học tập. Điều này khiến em càng quyết tâm, thêm động lực để chứng minh bản thân"", nữ sinh cho hay. Lệ Nguyễn"
Trường Đại học FPT tuyển 1.000 chỉ tiêu Thiết kế Vi mạch bán dẫn,"Thứ hai, 17/6/2024, 15:45 (GMT+7)",Trường Đại học FPT cũng xem xét cấp học bổng lên đến 100% chương trình học cho tất cả thí sinh đăng ký chuyên ngành này.,"Đây là lứa sinh viên chuyên ngành Thiết kế Vi mạch bán dẫn đầu tiên của trường. TS. Lê Trường Tùng - Chủ tịch Hội đồng Trường Đại học FPT cho biết, vi mạch bán dẫn là cơ hội ""đi tắt đón đầu"" để nâng cao năng lực cạnh tranh quốc gia của Việt Nam. ""Với mục tiêu chuẩn bị lực lượng nhân sự chất lượng cao cho thị trường toàn cầu, Trường Đại học FPT đã xây dựng chương trình học bổng dành riêng cho chuyên ngành này"", ông nhấn mạnh. Theo đó, tất cả thí sinh đăng ký chuyên ngành này sẽ được xem xét cấp học bổng từ 50% cho hai học kỳ chuyên ngành đầu tiên đến 100% toàn bộ chương trình học. Thí sinh trúng tuyển có thể lựa chọn học tại các phân hiệu Hà Nội, Đà Nẵng, TP HCM hoặc Cần Thơ. Trường Đại học FPT lên kế hoạch hợp tác với nhiều trường đại học tại Mỹ và Đài Loan (Trung Quốc) để thiết kế chương trình, giáo trình và chuẩn đào tạo. Đây là hai trong bốn thị trường dẫn đầu về chip và bán dẫn toàn cầu. Sinh viên chuyên ngành này cũng được trang bị hai ngoại ngữ và trải nghiệm chương trình phát triển cá nhân toàn diện. Sau khi tốt nghiệp, sinh viên có thể đảm nhận các công việc như Thiết kế, mô phỏng, kiểm chứng mạch điện tương tự số; Xây dựng tài liệu đặc tả (spec), tư vấn phát triển quy trình thiết kế; Quản lý giám sát thực hiện quy trình sản xuất đĩa bán dẫn (wafer) và chip; Kiểm thử chip, quản lý chất lượng vật liệu, thành phần trong đóng gói và kiểm tra; Nghiên cứu phát triển vật liệu, cấu trúc linh kiện; Phát triển bo mạch (board) và phần mềm lõi (firmware) hỗ trợ phát triển ứng dụng sử dụng chip. Sinh viên chuyên ngành này cũng có thể tham gia các khóa đào tạo ngắn hạn hoặc sau đại học tại nhiều quốc gia và vùng lãnh thổ hàng đầu về vi mạch bán dẫn trên thế giới để phát triển sự nghiệp theo hướng giảng dạy, nghiên cứu khoa học. Bên cạnh đó, Trường Đại học FPT xây dựng mô hình đưa sinh viên Vi mạch bán dẫn ra nước ngoài làm việc trong ngành công nghiệp này bằng cách phối hợp nguồn lực có sẵn của Công ty Cổ phần Bán dẫn FPT và hệ thống công ty thuộc Tập đoàn FPT trên 30 quốc gia. Từ đó, các bạn trẻ có thể học hỏi, tích lũy và sớm có năng lực đóng góp cho sự phát triển toàn diện của ngành. Trong tháng 5, 19 doanh nghiệp và các trường đại học Đài Loan (Trung Quốc) đã đến Trường Đại học FPT, phỏng vấn 60 sinh viên chuyên ngành gần để chọn cấp học bổng nâng cao, làm việc trong lĩnh vực Vi mạch bán dẫn tại nước ngoài. Trước đó, vào tháng 5, Trường Đại học FPT đã thành lập Trung tâm Đào tạo và xuất khẩu nhân lực Vi mạch bán dẫn nhằm tìm kiếm, ký kết với các đối tác có nhu cầu nhân lực, đào tạo cho ngành. Đây sẽ là cơ sở để sinh viên chuyên ngành Thiết kế Vi mạch bán dẫn Trường Đại học FPT có lợi thế trong các chương trình học tập, thực tập và làm việc tại nước ngoài. Nhật Lệ"
Có nên bỏ hai năm đại học để thi lại?,"Chủ nhật, 16/6/2024, 23:59 (GMT+7)","Sau hai năm học, em thấy không hợp ngành Điều khiển và Tự động hóa, trường cũng không có tiếng tăm, nên định thi lại.","Em hiện là sinh viên năm thứ ba, ngành Điều khiển và Tự động hóa của một trường đại học ở TP HCM. Sau hai năm học, em nhận thấy mình không phù hợp với ngành này. Ngoài ra, trường em học cũng không chuyên giảng dạy về kỹ thuật. Cơ sở vật chất, thiết bị nghiên cứu khá tệ. Em định nghỉ học một năm để thi lại vào ngành Cơ khí của Đại học Sư phạm Kỹ thuật TP HCM hoặc Công nghiệp. Mong anh, chị cho em xin lời khuyên, nên thi lại hay học tiếp. Ha An"
"Điểm chuẩn học bạ Học viện Ngân hàng lên tới 29,9","Thứ bảy, 15/6/2024, 20:49 (GMT+7)","Tám ngành của Học viện Ngân hàng lấy điểm chuẩn học bạ ở mức 29,9 điểm, tăng 0,1 so với năm ngoái.","Học viện Ngân hàng ngày 15/6 công bố điểm chuẩn các phương thức xét tuyển sớm với cơ sở Hà Nội. Trong đó, xét bằng học bạ giúp trường tuyển khoảng 700 sinh viên. Ở phương thức này, Học viện Ngân hàng chia thành hai nhóm. Với nhóm tính theo thang điểm 30 (gồm chương trình chuẩn và liên kết quốc tế), điểm chuẩn cao nhất là 29,9 ở ngành Kiểm toán, Ngân hàng, Ngân hàng số, Tài chính, Công nghệ tài chính, Kinh doanh quốc tế, Logistics và Quản lý chuỗi cung ứng và Luật Kinh tế (với một số tổ hợp). Đây là tổng điểm trung bình cộng các năm của ba môn, cộng điểm ưu tiên, khuyến khích (1,5-3 điểm với giải học sinh giỏi cấp tỉnh, quốc gia hoặc là học sinh chuyên). Thấp nhất là ngành Kế toán, chương trình liên kết với Đại học Sunderland, Anh với 25,5 điểm. Năm ngoái, điểm chuẩn học bạ nhóm này là từ 26 đến 29,8. Với các chương trình chất lượng cao, Học viện Ngân hàng tính điểm xét tuyển theo thang 40 với môn Toán nhân hệ số hai, điểm chuẩn từ 36 đến 39,9. Điểm chuẩn xét chứng chỉ quốc tế Điểm chuẩn theo kết quả thi đánh giá năng lực Năm 2024, Học viện Ngân hàng tuyển hơn 3.500 sinh viên ở trụ sở Hà Nội, tăng 200 so với năm ngoái, do mở hai ngành và 5 chương trình đào tạo mới. Năm phương thức tuyển sinh gồm xét tuyển thẳng, dựa vào học bạ (20% tổng chỉ tiêu), xét chứng chỉ quốc tế (15%), điểm thi đánh giá năng lực (15%) và điểm thi tốt nghiệp THPT (50%). Học phí năm học 2024-2024 của Học viện Ngân hàng dự kiến 25-37 triệu đồng với chương trình chuẩn và chất lượng cao. Nếu học hệ liên kết quốc tế, sinh viên đóng 340-380 triệu đồng cho 4 năm, có thể cao hơn nếu học năm cuối ở nước ngoài. Dương Tâm"
"Điểm chuẩn học bạ Đại học Thương mại cao nhất 29,25","Thứ bảy, 15/6/2024, 18:53 (GMT+7)","38 ngành của trường Đại học Thương mại lấy điểm chuẩn học bạ từ 25 trở lên, Logistics và Quản lý chuỗi cung ứng cao nhất với 29,25 điểm.","Chiều 15/6, trường Đại học Thương mại (TMU) công bố điểm chuẩn của 4 phương thức: Xét học bạ với thí sinh trường chuyên (mã 200); xét điểm thi đánh giá năng lực Đại học Quốc gia Hà Nội (402a); Điểm thi đánh giá tư duy của Đại học Bách khoa Hà Nội (402b); Xét chứng chỉ quốc tế kết hợp với học bạ (410). Với phương thức xét học bạ, trường tính tổng điểm trung bình ba năm của các môn trong tổ hợp, cộng điểm ưu tiên theo theo quy định của Bộ Giáo dục và Đào tạo. So với năm ngoái, đa số ngành tăng 1-2 điểm chuẩn. Xếp sau Logistics và Quản lý chuỗi cung ứng (29,25 điểm) là ngành Marketing, Kinh doanh quốc tế, Thương mại điện tử (cùng lấy 29 điểm). Các ngành khác lấy đầu vào từ 25 điểm trở lên. Bốn ngành này cũng có mức trúng tuyển cao nhất ở cách xét kết hợp chứng chỉ quốc tế với học bạ, khoảng 26,25-27 điểm, còn lại lấy trên 22 điểm. Đây là điểm quy đổi chứng chỉ (8-12 điểm) cộng điểm Toán và một môn khác (Ngữ văn, Vật lý, Hóa học). Điểm chuẩn với phương thức xét điểm thi đánh giá năng lực do Đại học Quốc gia Hà Nội tổ chức khoảng 18,5-22 điểm. Mức này là 18-21 với kỳ thi đánh giá tư duy của Đại học Bách khoa Hà Nội. Điểm của hai kỳ thi này được tính theo thang 150 và 100, trường Thương mại quy đổi về thang 30 bằng công thức: Điểm xét tuyển = Điểm đạt được x 30/150. Năm nay, trường Đại học Thương mại tuyển 4.950 sinh viên. Ngoài bốn phương thức xét tuyển trên, trường còn tuyển thẳng theo quy định của Bộ Giáo dục và Đào tạo; xét điểm thi tốt nghiệp THPT 2024 (xem điểm chuẩn 2023). Học phí năm học 2024-2025 của trường là 24-26 triệu đồng với chương trình chuẩn, 35 triệu đồng với chương trình định hướng chuyên sâu nghề nghiệp quốc tế. Năm ngoái, đầu vào theo điểm thi tốt nghiệp THPT khoảng 24,5-27. Ba ngành Marketing thương mại, Kinh doanh quốc tế và Marketing số cùng lấy mức cao nhất. Lệ Nguyễn"
Công bố đề thi lớp 6 ở TP Thủ Đức,"Thứ bảy, 15/6/2024, 18:03 (GMT+7)","TP HCMĐề thi vào lớp 6 ở Thủ Đức có hai phần trắc nghiệm và tự luận, bằng cả tiếng Anh và Việt, được công bố chiều 15/6.","Sáng 15/6, khoảng 2.900 học sinh đã làm bài thi trong 90 phút, cạnh tranh 970 suất học lớp 6 tại ba trường là THCS Hoa Lư, Bình Thọ, Trần Quốc Toản 1. Trong đó, phần trắc nghiệm 30 phút, gồm 17 câu hỏi tiếng Anh, ba câu bằng tiếng Việt về khoa học tự nhiên, khoa học xã hội và thường thức đời sống. Phần tự luận trong 60 phút, kiểm tra học sinh về năng lực tiếng Anh (đọc - hiểu, viết); Toán học và tư duy logic; Đọc hiểu và làm văn. Đây là năm đầu tiên học sinh TP Thủ Đức thi vào lớp 6 bằng đề do Phòng Giáo dục và Đào tạo biên soạn. Năm ngoái, chỉ có trường THCS Trần Quốc Toản 1 tổ thi đầu vào, chung đề với trường THPT chuyên Trần Đại Nghĩa. Ông Nguyễn Thái Vĩnh Nguyên, Trưởng phòng, đánh giá đề thi là khâu khó nhất. Phòng đã học hỏi đề thi lớp 6 của trường Trần Đại Nghĩa để biên soạn, điều chỉnh độ khó để phù hợp với học sinh trên địa bàn. Dự kiến, kết quả thi được công bố sau một tuần. Hiện, cả ba trường đều theo mô hình tiên tiến, hội nhập quốc tế, sĩ số lớp không quá 35. Ngoài học phí theo quy định của thành phố, trường được thu thêm tối đa 1,7 triệu đồng phí mô hình tiên tiến hàng tháng. Những học sinh không trúng tuyển sẽ được sắp xếp vào học tại trường THCS công lập khác, tùy theo địa bàn cư trú. Năm nay, TP HCM mở rộng thi đầu vào lớp 6 với những trường THCS có số học sinh đăng ký vượt khả năng tiếp nhận. Ngoài ba trường của Thủ Đức còn có THCS Nguyễn Hữu Thọ (quận 7), trường Nguyễn An Khương (huyện Hóc Môn) và trường liên cấp Trần Đại Nghĩa (quận 1). Lệ Nguyễn"
Đại học đầu tiên đào tạo kỹ sư GenAI,"Thứ bảy, 15/6/2024, 16:46 (GMT+7)",Đại học Bách khoa Hà Nội là trường đầu tiên của Việt Nam mở chương trình kỹ sư chuyên sâu về Trí tuệ nhân tạo Tạo sinh (GenAI).,"Thông tin được công bố sáng 15/6. GenAI là lĩnh vực của trí tuệ nhân tạo, sử dụng các mô hình học máy tiên tiến được huấn luyện trên kho dữ liệu khổng lồ để học cách mô phỏng và tạo ra những dữ liệu mới, bao gồm văn bản, hình ảnh, âm thanh, video... TS Đinh Viết Sang, Giám đốc chương trình đào tạo này, cho biết ứng dụng của GenAI rất rộng, từ nghệ thuật và thiết kế, sáng tạo nội dung, đến thương mại điện tử, marketing, tài chính ngân hàng, y học, giáo dục. Đầu tư vào GenAI trên thế giới năm ngoái đạt 25 tỷ USD, tăng gấp 5 lần so với năm 2022, dự kiến lên 45 tỷ USD vào năm nay. Báo cáo Statista Market Insights nhận định quy mô thị trường GenAI tại Việt Nam có mức tăng trưởng hàng năm xấp xỉ 23%, đến năm 2030 sẽ ở mức gần một tỷ USD. ""Đứng trước sự bùng nổ của GenAI, các công ty công nghệ, các ngân hàng hàng đầu đang đầu tư căn cơ về yếu tố con người, hạ tầng, công nghệ liên quan đến GenAI"", ông Sang nói. ""Đào tạo nguồn nhân lực chất lượng cao trong lĩnh vực GenAI là nhu cầu cấp thiết"". Theo Data Science Programs, có hơn 1.000 đại học có chương trình đào tạo về Khoa học dữ liệu và Trí tuệ nhân tạo trên thế giới, nhưng chuyên sâu về GenAI chỉ có hai trường. Tại Việt Nam, trước Bách khoa Hà Nội, chưa có trường nào đào tạo. PGS.TS Tạ Hải Tùng, Hiệu trưởng trường Công nghệ thông tin và Truyền thông, Đại học Bách khoa Hà Nội, cho biết đó là động lực để trường quyết tâm tiên phong về GenAI. ""Ba tháng làm việc liên tục vừa qua, với sự giúp đỡ của các chuyên gia, chúng tôi đã xây dựng thành công chương trình"", ông Tùng nói. Chương trình về GenAI của Bách khoa kéo dài 1,5 năm với 48 tín chỉ, dành cho sinh viên có bằng cử nhân trong lĩnh vực Công nghệ Thông tin và Truyền thông. Sinh viên vượt qua sẽ nhận bằng kỹ sư. Họ được cung cấp kiến thức nền tảng về AI và chuyên sâu về GenAI, như: học máy, học sâu; vận hành, triển khai và giám sát các mô hình học máy; xây dựng các ứng dụng GenAI; tạo sinh văn bản, hình ảnh, video, âm thanh; ứng dụng GenAI trong các lĩnh vực; đạo đức AI và xây dựng trí tuệ nhân tạo đáng tin cậy... TS Trần Việt Hùng, nhà sáng lập Got It - startup công nghệ tại thung lũng Silicon, Mỹ, cho rằng GenAI còn rất mới với cả thế giới, chỉ được biết đến rộng rãi khi ChatGPT ra đời. Vì vậy, chưa có nhiều sản phẩm GenAI trên thị trường. Điều này giúp những kỹ sư nắm chắc về GenAI có nhiều cơ hội tạo ra những đột phá. ""Tôi vui mừng vì Bách khoa nhanh chóng đưa ra chương trình về GenAI. Đây là số ít chương trình chính quy trên cả thế giới đào tạo chuyên sâu chứ không chỉ riêng ở Việt Nam"", ông Hùng nói. Đại học Bách khoa Hà Nội là trường hàng đầu Việt Nam trong đào tạo và nghiên cứu Công nghệ thông tin. Trường Công nghệ và Truyền thông mỗi năm tuyển hơn 1.100 sinh viên, đều thuộc top 1% cao nhất cả nước về điểm thi tốt nghiệp THPT. Theo bảng xếp hạng QS năm 2024, lĩnh vực Khoa học máy tính và Hệ thống thông tin của trường trong top 451-500 thế giới."
Hơn 7.000 học sinh vào đợt thi công lập cuối cùng ở Hà Nội,"Thứ bảy, 15/6/2024, 12:20 (GMT+7)","Hơn 7.000 học sinh thi vào lớp 6, 10 của ba trường, khép lại mùa tuyển sinh công lập năm nay ở Hà Nội, ngày 15/6.","Ba trường công lập tổ chức thi hôm nay là THCS Cầu Giấy, Chu Văn An (thuộc Sở Giáo dục và Đào tạo), THCS và THPT Nguyễn Tất Thành (Đại học Sư phạm Hà Nội). Từ 5h, bố con anh Nguyễn Trung Minh ở quận Hà Đông đã ra khỏi nhà, đến điểm trường THCS Cầu Giấy, cách chừng 10 km. Anh cho hay đi sớm để tránh tắc đường, có thời gian ăn sáng và nghỉ ngơi. ""Con thi lớp 6 ở bốn trường chất lượng cao, trường Cầu Giấy là cuối cùng"", anh Minh kể. Người bố cho biết con ôn thi tập trung hơn một tháng nay, trước đấy chỉ học thêm tiếng Anh. Nghĩ ""khó đỗ"" nhưng anh vẫn muốn con thử sức, nếu không trúng trường nào thì học tiếp ở dân lập. Cùng thi trường này, mẹ con chị Nguyệt có tâm trạng thoải mái. Nhà vốn ở quận Hà Đông nhưng để con tiện ôn luyện và đủ điều kiện về nơi cư trú khi nộp hồ sơ, chị Nguyệt mua thêm một căn hộ ở quận Cầu Giấy. Theo chị, bé luyện thi từ hè lớp 4, học thêm mỗi tuần một buổi. Cách đây vài hôm, con nhận tin trúng tuyển THCS Nguyễn Tất Thành - trường cấp hai ""hot"" nhất Hà Nội với tỷ lệ chọi lên tới 1/20. Ngoài ra, bé còn thi thêm THCS chất lượng cao Thanh Xuân và đang đợi kết quả. ""Tôi đã đặt cọc ở đây, nhưng nếu con đỗ Cầu Giấy sẽ rút hồ sơ để chuyển sang"", chị nói. Bà Lê Kim Anh, Hiệu trưởng, cho biết kỳ thi có khoảng 2.700 em tham gia, chỉ tiêu là 400. Học sinh làm ba bài thi gồm Toán, Tiếng Việt và Tiếng Anh trong buổi sáng nay. Điểm thi này sẽ được nhân đôi, cộng điểm học bạ và ưu tiên để xét tuyển, tối đa là 71,5. Điểm chuẩn năm ngoái là 58,5. Một trường công khác là Chu Văn An, quận Long Biên hôm nay có khoảng 650 thí sinh dự thi, cạnh tranh hơn 200 suất vào trường. Trường chỉ tính điểm ba bài kiểm tra và điểm ưu tiên. Ngưỡng trúng tuyển năm ngoái là 20/33. Ở bậc THPT, sau các đợt thi chuyên và kỳ thi của Sở Giáo dục và Đào tạo, hôm nay nhiều thí sinh đến trường Nguyễn Tất Thành trong tâm thế thoải mái. Có mặt lúc 6h30, Đào Mai Hà Anh, cựu học sinh trường THCS Hà Nội - Thăng Long, quận Hà Đông, tranh thủ đọc lại hướng dẫn viết mở bài môn Văn. Trước đó, Hà Anh đã thi vào lớp 10 trường THPT chuyên Đại học Sư phạm và chuyên Hà Nội - Amsterdam. Với hệ đại trà, nữ sinh đăng ký vào trường Lê Quý Đôn - Hà Đông. Trường chuyên Sư phạm chưa thông báo điểm, còn Sở Giáo dục và Đào tạo Hà Nội đã công bố đáp án và biểu điểm chấm. Hà Anh nhẩm tính mình được khoảng 9 điểm mỗi môn Toán và Tiếng Anh, Văn 7-8. ""Do kết quả thi lớp 10 của Hà Nội không quá tệ nên lần thi này em thấy khá nhẹ nhàng, chủ yếu thử sức"", Hà Anh nói. Với Dương Quỳnh Anh, cựu học sinh trường THCS Yên Hòa, quận Cầu Giấy, đây là đợt thi lớp 10 thứ tư mà em tham gia. Du không còn bỡ ngỡ, nữ sinh vẫn hồi hộp và thận trọng bởi chưa chắc chắn kết quả các đợt thi trước. Vì sợ ảnh hưởng tâm lý, em không xem đáp án hay biểu điểm các môn thi lớp 10 của Sở. Năm nay, trường Nguyễn Tất Thành tuyển 400 học sinh lớp 10, nhận gần 4.350 hồ sơ đăng ký, nên tỷ lệ chọi 1/11. Thí sinh phải làm ba môn thi gồm Ngữ văn, Toán (mỗi môn 90 phút) và Tiếng Anh (60 phút). Ông Phạm Sỹ Cường, hiệu trưởng, cho biết số thí sinh và tỷ lệ chọi vào trường tương tự các năm trước. Trường tuyển học sinh các tỉnh, thí sinh xa nhất năm nay ở Tây Ninh. Kỳ thi vào lớp 6 và 10 các trường công ở Hà Nội diễn ra từ 1/6 đến 15/6, với hơn 105.000 thí sinh. Sở Giáo dục và Đào tạo cho biết 127 trường THPT (gồm cả trường chuyên, trường tự chủ) sẽ tuyển 77.000 em. Điểm thi lớp 10 được công bố chậm nhất vào ngày 2/7, điểm chuẩn sau đó 4-7 ngày. Ngoài ra, 6 trường công thuộc đại học (trường chuyên và công lập tự chủ), tuyển hơn 2.000 học sinh lớp 10. Đến chiều 14/6, ba trường đã công bố kết quả, hơn 1.000 học sinh trúng tuyển. Với hệ THCS, những năm trước, kỳ thi vào lớp 6 trường THPT Hà Nội - Amsterdam căng thẳng nhất, song năm nay phải dừng theo quy định của Bộ Giáo dục và Đào tạo. Thủ đô hiện còn 5 trường chất lượng cao tổ chức thi tuyển, với 1.500 suất học. Các trường còn lại xét tuyển theo địa bàn cư trú của học sinh. Bình Minh - Thanh Hằng"
Lần đầu đào tạo liên trường ở Đại học Quốc gia TP HCM,"Thứ bảy, 15/6/2024, 10:57 (GMT+7)","Lần đầu tiên hai trường thuộc Đại học Quốc gia TP HCM cùng đào tạo ngành Kinh doanh thương mại Hàn Quốc, sau 4 năm học, sinh viên có thể lấy 2 bằng cử nhân.","Đại học Quốc gia TP HCM vừa giao trường Khoa học Xã hội và Nhân văn phối hợp với trường Kinh tế - Luật đào tạo thí điểm ngành Kinh doanh thương mại Hàn Quốc. Đây là chương trình đào tạo liên ngành, liên trường đầu tiên của Việt Nam. TS Phạm Tấn Hạ, Phó hiệu trưởng trường Đại học Khoa học Xã hội và Nhân văn, cho hay chương trình đào tạo ngành này gồm 140 tín chỉ, trong 4 năm. Trong đó, các học phần về ngôn ngữ, văn hóa, lịch sử Hàn Quốc sẽ do trường đảm nhận. Trường Đại học Kinh tế - Luật chịu trách nhiệm về các nội dung liên quan đến kinh tế, quản trị kinh doanh. Cơ sở tại TP Thủ Đức của hai trường gần nhau, thuận lợi sinh viên hoặc thầy cô di chuyển. ""Sinh viên ngành này sẽ có lợi thế lớn khi vừa có kiến thức về ngôn ngữ, văn hóa, lại am hiểu chuyên môn về kinh doanh ở Hàn Quốc để làm việc trong các doanh nghiệp, tổ chức của nước này. Ngoài ra, các em có cơ hội lấy hai bằng đại học sau 4 năm"", TS Hạ nói. Cụ thể, sau khi hoàn thành chương trình Kinh doanh thương mại, sinh viên chỉ cần học thêm 20 tín chỉ chuyên ngành Hàn Quốc học để lấy thêm bằng cử nhân ngành này. Nếu muốn có thêm bằng Quản trị kinh doanh, sinh viên học thêm 20 tín chỉ tại trường Kinh tế - Luật. Trường Khoa học Xã hội và Nhân văn cho biết xét tuyển 50 sinh viên ngành Kinh doanh thương mại Hàn Quốc trong năm đầu, ở 4 tổ hợp: D01 (Toán, Văn, Tiếng Anh), D14 (Văn, Sử, Tiếng Anh), DD2 (Toán, Văn, Tiếng Hàn), DH5 (Văn, Sử, Tiếng Hàn). Học phí là 29 triệu đồng một năm. Chương trình dự kiến thí điểm trong 4 năm. Sau một khóa sinh viên, Đại học Quốc gia TP HCM sẽ đánh giá tính hiệu quả để quyết định hướng đào tạo tiếp theo. Đại học này đặt mục tiêu đến 2045 sẽ có 20 chương trình đào tạo mới tương tự, ưu tiên khối ngành Khoa học xã hội, Kinh tế - Luật và Sư phạm. Đại học Quốc gia TP HCM được thành lập năm 1995, quy mô đào tạo hơn 90.000 sinh viên, lớn nhất cả nước. Cơ sở giáo dục này hiện trong top 901-950, theo bảng xếp hạng đại học năm 2025 của tổ chức QS. Lệ Nguyễn"
Gần 4.500 học sinh đua vào lớp 6 ở Thủ Đức và quận 7,"Thứ bảy, 15/6/2024, 09:58 (GMT+7)","TP HCMBốn trường THCS ở Thủ Đức và quận 7 tổ chức thi tuyển lớp 6, thu hút khoảng 4.500 học sinh, trong khi chỉ tiêu gần 1.500.","7h ngày 15/6, tại cổng trường Tiểu học Nguyễn Hiền, TP Thủ Đức, chị Hà Phương, 39 tuổi, cùng con trai kiểm tra lại bút, thước, máy tính và giấy tờ trước khi vào phòng thi. Nữ phụ huynh cho biết đã thuê gia sư kèm con từ năm lớp 3, cách đây khoảng 6 tháng, chị chuyển con sang luyện thi ở một trung tâm gần nhà. Những ngày gần kỳ thi, cậu bé thường thức đến 1h sáng để ôn, làm đề. ""Tôi nói với con cố gắng vào trường Trần Quốc Toản 1 hoặc Trần Đại Nghĩa để được học với các bạn giỏi, thầy cô tốt"", chị Phương nói. Dõi mắt theo con gái vào phòng thi, anh Thanh Hải, 47 tuổi, cho biết con xem kỳ thi này như một đợt tập dượt khả năng làm bài và không khí phòng thi. ""Nghe nói đề thi ở Thủ Đức sẽ nhẹ nhàng hơn nên con thi để làm quen. Mơ ước của con là trường Trần Đại Nghĩa"", anh Hải chia sẻ. Tự ôn tập khoảng một năm nay, Ngọc Anh, trường Tiểu học Nguyễn Hiền, cho biết mong được vào THCS Trần Quốc Toản 1. Trước năm 2022, học sinh ở gần trường như Ngọc Anh sẽ được theo tuyến. Nhưng từ năm ngoái, trường này tổ chức thi đầu vào. ""Phần con lo nhất là Tiếng Anh nhưng năm nay thi đề riêng của Thủ Đức nên hy vọng sẽ dễ hơn"", Ngọc Anh bày tỏ. Ông Nguyễn Thái Vĩnh Nguyên, Trưởng phòng Giáo dục và Đào tạo TP Thủ Đức, cho biết có gần 2.900 thí sinh dự thi vào 3 trường THCS trên địa bàn là Hoa Lư, Bình Thọ, Trần Quốc Toản 1. Ba trường tuyển 980 học sinh lớp 6, tỷ lệ chọi trung bình khoảng 1/3. Phòng huy động khoảng 500 giáo viên, cán bộ phục vụ kỳ thi. Đây là năm đầu tiên TP Thủ Đức tự ra đề thi vào lớp 6. Ông Nguyên cho biết biên soạn đề là công việc khó khăn. Thủ Đức đã học hỏi và rút kinh nghiệm từ mẫu đề thi vào lớp 6 trường THPT chuyên Trần Đại Nghĩa. Cách đó khoảng 12 km, khoảng 1.630 học sinh khu vực quận 7 hôm nay đi thi, cạnh tranh 500 suất học lớp 6 ở trường THCS Nguyễn Hữu Thọ. Đề thi vào bốn trường này gồm hai phần. Phần trắc nghiệm trong 30 phút, gồm 20 câu hỏi tiếng Anh về khoa học tự nhiên, khoa học xã hội và thường thức đời sống. Phần tự luận trong 60 phút, kiểm tra năng lực tiếng Anh (đọc hiểu, viết bằng tiếng Anh); Toán học và tư duy logic; Đọc hiểu và làm văn. Dự kiến, kết quả thi được công bố sau một tuần. Hiện, cả bốn trường đều theo mô hình tiên tiến, hội nhập quốc tế, sĩ số lớp không quá 35. Ngoài học phí theo quy định của thành phố, trường được thu thêm tối đa 1,7 triệu đồng phí mô hình tiên tiến hàng tháng. Những học sinh không trúng tuyển sẽ được sắp xếp vào học tại trường THCS công lập khác, tùy theo địa bàn cư trú. Năm nay, 6 trường ở TP HCM tổ chức thi đầu vào lớp 6. Ngoài 4 trường nói trên còn có THCS-THPT Trần Đại Nghĩa (quận 1) và THCS Nguyễn An Khương (huyện Hóc Môn). Lệ Nguyễn"
Đại học Ngoại thương công bố điểm chuẩn xét tuyển sớm,"Thứ sáu, 14/6/2024, 17:56 (GMT+7)","Điểm chuẩn xét học bạ, IELTS và kết quả thi đánh giá năng lực của trường Đại học Ngoại thương cao nhất 29,5/30, ở ngành Khoa học Máy tính, Logistics...","Đại học Ngoại thương chiều 14/6 công bố điểm chuẩn của ba phương thức xét tuyển sớm. Trong đó, phương thức 1 là xét học bạ THPT với ba nhóm thí sinh: tham gia kỳ thi học sinh giỏi, khoa học kỹ thuật quốc gia; đạt giải ba trở lên kỳ thi học sinh giỏi cấp thành phố; là học sinh trường chuyên. Phương thức 2 xét tuyển kết hợp chứng chỉ ngoại ngữ quốc tế (như IELTS, TOEFL...) với học bạ hoặc chứng chỉ năng lực quốc tế (SAT, ACT, A-Level). Phương thức 5 là xét điểm thi đánh giá năng lực do hai đại học quốc gia tổ chức. Công thức tính điểm xét tuyển giữa các phương thức khác nhau, cũng có sự khác biệt giữa từng nhóm thí sinh, từng ngành ở cùng một phương thức, nhưng đều được quy đổi và đưa về thang 30. Điểm chuẩn cụ thể như sau: Điểm chuẩn cao nhất là 29,5/30 tại một số ngành như Khoa học máy tính, Logistics và Quản lý chuỗi cung ứng (chương trình định hướng nghề nghiệp quốc tế)..., áp dụng với thí sinh dùng chứng chỉ SAT, ACT hoặc A-Level đăng ký vào trụ sở chính Hà Nội. Các ngành khác thấp hơn, nhưng hầu hết cũng từ 27 điểm trở lên. Riêng cơ sở Quảng Ninh có ngành Kế toán, Kinh doanh quốc tế lấy điểm chuẩn 24,84 theo phương thức xét học bạ, áp dụng với thí sinh có giải học sinh giỏi cấp tỉnh. Với cách xét học bạ dành cho nhóm học sinh đạt giải quốc gia, điểm chuẩn tối đa là 34 do ngoài điểm ba môn trong tổ hợp, trường cộng 4 điểm cho giải nhất. Các ngành Marketing số (trụ sở Hà Nội), Logistics và Quản lý chuỗi cung ứng, Truyền thông Marketing tích hợp (chương trình định hướng nghề nghiệp quốc tế, cơ sở TP HCM) lấy cao nhất nhóm này - 30/34 điểm. Trường Đại học Ngoại thương cho hay mức điểm chuẩn này nhìn chung ổn định. Điểm khác biệt năm nay là số lượng thí sinh có chứng chỉ SAT (bài thi chuẩn hóa dùng để xét tuyển đại học ở Mỹ) cao vượt trội. ""Theo thống kê, 196 thí sinh có SAT từ 1.530/1.600, 77 em đạt từ 1.550, đặc biệt hai thí sinh 1.590"", đại diện trường cho biết. Theo quy định, thí sinh phải nhập nguyện vọng lên hệ thống xét tuyển chung của Bộ Giáo dục và Đào tạo, đồng thời tốt nghiệp THPT mới được công nhận trúng tuyển chính thức. Năm nay, trường Đại học Ngoại thương tuyển 4.130 sinh viên, mở một số ngành mới là Khoa học máy tính, Kinh doanh quốc tế thuộc chương trình song bằng với Đại học Queensland, Australia. Học phí các chương trình tiêu chuẩn năm học tới từ 22 đến 25 triệu đồng một năm, chất lượng cao 45-48 triệu, tiên tiến 68-70 triệu. Với nhóm định hướng nghề nghiệp, bốn chương trình Quản trị khách sạn, Marketing số, Kinh doanh số, Truyền thông Marketing tích hợp có mức thu 60-65 triệu đồng một năm; còn lại 45-48 triệu. Thanh Hằng"
"Điểm chuẩn lớp 10 chuyên Ngoại ngữ cao nhất 25,12","Thứ sáu, 14/6/2024, 16:46 (GMT+7)","Trường chuyên Ngoại ngữ lấy điểm chuẩn từ 23,14 đến 25,12/40, cao nhất ở lớp tiếng Pháp.","Chiều 14/6, trường THPT chuyên Ngoại ngữ, thuộc trường Đại học Ngoại ngữ, Đại học Quốc gia Hà Nội, công bố điểm chuẩn lớp 10 của 7 khối chuyên. Điểm xét tuyển là tổng ba bài thi, gồm Ngoại ngữ (hệ số hai), Toán và Khoa học tự nhiên, Văn và Khoa học xã hội. Mỗi bài thi tính thang 10, tối đa 40 điểm. Lớp chuyên Tiếng Pháp lấy đầu vào cao nhất - 25,12 điểm với tổ hợp D3 (thi bằng tiếng Pháp), tăng 1,12 điểm so với năm ngoái. Kế đó là lớp Tiếng Anh và Tiếng Nhật, cùng lấy 25 điểm tại tổ hợp D1 (thi bằng tiếng Anh), giảm so với mức 25,42 và 25,01 năm trước. Các lớp chuyên còn lại lấy điểm chuẩn quanh mức 23-24, thấp nhất là Tiếng Hàn, tổ hợp D7 (thi bằng tiếng Hàn) - 23,14 điểm. Những thí sinh đạt 27,5-30,95 điểm, tùy lớp, được trường cấp học bổng. Điểm chuẩn lớp 10 của trường chuyên Ngoại ngữ năm 2024: Kỳ thi vào lớp 10 trường THPT chuyên Ngoại ngữ diễn ra sáng 1/6. Khoảng 3.300 học sinh tham dự để giành 525 suất vào trường. Năm ngoái, điểm chuẩn của trường từ 22,34 đến 25,42, cao nhất là lớp chuyên tiếng Anh. Thanh Hằng"
"Quy trình chấm bài thi Toán, Văn lớp 10 của Hà Nội","Thứ sáu, 14/6/2024, 15:16 (GMT+7)","Bài thi được chấm hai vòng độc lập, nếu lệch trên 1,5 điểm thì chấm tiếp lần ba, với sự giám sát của công an và camera.","Hơn 105.000 học sinh Hà Nội đã hoàn thành kỳ thi vào lớp 10 công lập hôm 8-9/10. Sở Giáo dục và Đào tạo cho biết cử khoảng 2.100 giáo viên chấm thi, từ ngày 9 đến 23/6. Trừ môn Ngoại ngữ được chấm bằng máy vì thi trắc nghiệm, môn Toán và Văn có quy trình chấm riêng. Theo đó, mỗi bài thi tự luận được chấm hai vòng. Ở vòng thứ nhất, giáo viên sẽ gạch chéo phần giấy trắng còn thừa của thí sinh; ghi điểm thành phần, điểm toàn bài và các nhận xét (nếu có) vào phiếu chấm cá nhân. Tới vòng hai, người chấm ghi trực tiếp điểm vào bài. Nếu điểm bài thi giữa hai vòng lệch nhau dưới 1, hai người chấm thảo luận và thống nhất điểm. Trường hợp chênh từ 1 đến 1,5 điểm, các giáo viên phải báo cáo cấp trên để thống nhất. Khi mức chênh hơn 1,5 điểm, bài thi sẽ được chấm lần ba, điểm được ghi vào bài bằng màu mực khác. Đến đây, nếu điểm của 2/3 lần chấm giống nhau thì sẽ được chọn làm điểm chính thức; nếu ba lần chấm lệch dưới 2,5 điểm, người chấm có thể chia trung bình; lệch trên 2,5 điểm thì người phụ trách lập biên bản thống nhất điểm. Trong quá trình chấm, ít nhất 5% số bài thi tự luận được rút ngẫu nhiên để chấm kiểm tra. Theo quy chế, phòng chứa và chấm bài thi có camera giám sát, ghi hình liên tục, có công an bảo vệ và giám sát 24 giờ mỗi ngày. Cán bộ, giáo viên tham gia các khâu không được mang thiết bị thu, phát thông tin, sao chép tài liệu, các loại bút nằm ngoài quy định (bút xóa, bút chì...) khi vào và ra khỏi phòng. Xem đáp án, biểu điểm chấm 7 môn thi lớp 10 Sở Giáo dục và Đào tạo cho biết điểm thi lớp 10 được công bố trước ngày 2/7, điểm chuẩn có sau đó 4-7 ngày. Điểm xét tuyển là tổng ba bài thi, trong đó Toán và Ngữ văn nhân hệ số hai, Ngoại ngữ hệ số một. Nguyên tắc xét tuyển như sau: - Học sinh trúng tuyển nguyện vọng 1 không được xét nguyện vọng 2 và 3. - Khi trượt nguyện vọng 1, thí sinh được xét tới nguyện vọng 2, 3 nếu đạt điểm cao hơn điểm chuẩn nguyện vọng 1 ít nhất 1 và 2 điểm. Các nguyện vọng được xét song song đến khi hết học sinh đạt điều kiện, chứ không phải xét ưu tiên nguyện vọng 1, thiếu chỉ tiêu mới tới nguyện vọng 2 và 3. Năm ngoái, hệ không chuyên của trường THPT Chu Văn An đứng đầu về điểm chuẩn với 44,5 điểm. Xếp thứ hai là THPT Kim Liên với 43,25, tiếp đó là Việt Đức (43), Phan Đình Phùng (42,75), Yên Hòa và Lê Quý Đôn - Hà Đông (cùng 42,25). Thanh Hằng"
ĐH Quốc gia TP HCM: Điểm thi bất thường do lỗi kỹ thuật,"Thứ sáu, 14/6/2024, 10:40 (GMT+7)","Nhiều thí sinh xin phúc khảo vì điểm thi đánh giá năng lực đợt 2 thấp bất thường, Đại học Quốc gia TP HCM nói đây là ""lỗi kỹ thuật"".","Sáng 14/6, đại học này cho biết đã rà soát tất cả khâu, từ chấm thi đến công bố điểm, sau khi nhận được phản ánh của thí sinh. Đại học Quốc gia TP HCM khẳng định khâu chấm thi được thực hiện đúng quy định, bảo đảm tính chính xác, bảo mật ở từng giai đoạn như quét ảnh bài thi, xử lý ảnh để xác định điểm thô, quy đổi điểm bằng phần mềm... Tuy nhiên, lỗi kỹ thuật xảy ra giữa hai lần tải điểm thi lên hệ thống. Cụ thể, lần thứ nhất, trường tải kết quả tất cả bài thi nhưng chưa cập nhật các trường hợp bất thường. Đến lần thứ hai, những bài thi bất thường được xử lý. ""Do đó, trong khoảng thời gian từ chiều ngày 10/6 đến chiều ngày 12/6, một số thí sinh nhận được kết quả thi không đầy đủ"", đại diện trường cho biết. ""Lỗi này đã được khắc phục, kết quả trên hệ thống hiện tại là chính xác, ở tất cả bài thi"". Cách đây vài ngày, ban tổ chức kỳ thi thừa nhận đề thi sai ở phần Hóa học và Tư duy logic, tính điểm trọn vẹn cho mọi thí sinh ở hai câu này. ""Sự cố kỹ thuật đáng tiếc này tuy không ảnh hưởng đến kết quả nhưng ảnh hưởng không tốt đến tâm lý của thí sinh, gây khó khăn cho các em khi dùng để đăng ký xét tuyển đại học"", đại diện Đại học Quốc gia TP HCM nói. Do đó, trường kéo dài thời gian đăng ký phúc khảo đến hết 17/6 thay vì 13/6 như ban đầu, công bố kết quả sau ba ngày. Thời gian đăng ký xét tuyển bằng điểm thi này là ngày 21/6, thêm một tuần. Trước đó, nhiều thí sinh bức xúc khi nhận điểm thi đánh giá năng lực đợt 2 hôm 10/6. Theo họ, điểm thi rất bất thường, chênh lệch xa so với kết quả làm bài. Phương Anh, học sinh lớp 12 ở Bình Dương, thấy vô lý khi chỉ đạt 16/300 điểm ở phần Khoa học Tự nhiên, trong khi tra đáp án thì đúng ít nhất 10 trong số 30 câu. Khoảng 23h ngày 12/6, khi vào tài khoản để điền đơn phúc khảo, nữ sinh bất ngờ khi thấy điểm đã được điều chỉnh lên 150/300. Mạnh Hùng, thí sinh thi tại điểm trường Đại học Sư phạm Kỹ thuật TP HCM, nói chắc chắn đúng 17/20 câu phần Tiếng Việt nhưng chỉ đạt 128/200 điểm. Nam sinh cho rằng việc không công bố đề thi, đáp án, barem chấm khiến thí sinh ở thế bị động, không có gì đảm bảo bài làm được chấm chính xác. Trên một nhóm gần 1.000 thí sinh đã dự thi đánh giá năng lực, khoảng 400 em cho biết đã và sẽ làm đơn phúc khảo. Hai đợt thi đánh giá năng lực của Đại học Quốc gia TP HCM năm nay thu hút gần 105.000 thí sinh, đông nhất từ trước đến nay. Điểm trung bình các em đạt được là 664,4. Thủ khoa kỳ thi đạt 1.116 điểm, là em Trần Phạm Long Nghĩa, trường THPT Tân Phú, quận Tân Phú. 109 trường đại học, cao đẳng công nhận và sử dụng điểm thi này để xét tuyển đầu vào. Những năm qua, cấu trúc đề thi đánh giá năng lực ổn định với 120 câu trắc nghiệm trong 150 phút, điểm tối đa là 1.200. Đề có ba phần: Sử dụng ngôn ngữ; Toán học, Tư duy logic và Phân tích số liệu; Giải quyết vấn đề (Khoa học Tự nhiên, Khoa học xã hội). Đại học Quốc gia TP HCM không công bố đề, đáp án và barem chấm điểm, tương tự các kỳ thi đánh giá năng lực, tư duy hiện nay. Lệ Nguyễn *Tên thí sinh được thay đổi"
ĐH Bách khoa Hà Nội công bố điểm chuẩn xét tuyển tài năng,"Thứ sáu, 14/6/2024, 09:21 (GMT+7)",Ngành Khoa học dữ liệu và Trí tuệ nhân tạo lấy điểm chuẩn cao nhất ở phương thức xét tuyển tài năng của Đại học Bách khoa Hà Nội.,"Đại học Bách khoa Hà Nội ngày 14/6 công bố điểm trúng tuyển theo phương thức xét tuyển tài năng, gồm xét tuyển thẳng theo quy định của Bộ Giáo dục và Đào tạo, xét chứng chỉ quốc tế và hồ sơ kết hợp phỏng vấn. Trường dành 20% trong tổng số 9.260 chỉ tiêu cho diện này. Xét hồ sơ năng lực kết hợp phỏng vấn được nhiều thí sinh đăng ký nhất - gần 4.600 em. Dẫn đầu về điểm chuẩn là ngành Khoa học dữ liệu và Trí tuệ nhân tạo (IE-E10) với 104,58/110 điểm, tăng 6,16 so với năm ngoái. Bốn ngành còn lại trong top 5 vẫn là Khoa học máy tính, Công nghệ thông tin Global ICT, An toàn không gian số, Kỹ thuật máy tính. Tất cả đều tăng 13-20,7 điểm chuẩn. Một số có mức trúng tuyển từ 90 trở lên như nhóm ngành về Vi mạch, bán dẫn; Khoa học và Công nghệ sức khỏe, Logistics và phân tích kinh doanh. Về tổng thể, hầu hết ngành có điểm chuẩn tăng so với năm ngoái. Đại diện trường lý giải do số lượng hồ sơ tăng gần gấp hai, trong đó nhiều thí sinh có thành tích cao. Mặt khác, đây cũng là nhóm ngành có nhu cầu nhân lực lớn, thu hút sự quan tâm của thí sinh. Điểm chuẩn theo phương thức xét hồ sơ kết hợp phỏng vấn như sau: Với xét chứng chỉ quốc tế, có 928 thí sinh nộp hồ sơ xét tuyển. Ngành Khoa học dữ liệu và Trí tuệ nhân tạo, Khoa học máy tính có đầu vào cao nhất. Thí sinh có điểm quy đổi từ chứng chỉ SAT và chứng chỉ ngoại ngữ đạt 1.630/1.680, môn Toán đạt từ 750 điểm trở lên mới trúng tuyển hai ngành này. Trong đó, điểm chứng chỉ SAT tối đa là 1.600, chứng chỉ ngoại ngữ được quy đổi thành 16-80 điểm, áp dụng với IELTS từ 5.0 đến 7.0 trở lên. Ví dụ, để đỗ ngành ""hot"" nhất, thí sinh cần có điểm SAT 1550/1600 và IELTS 7.0. Năm 2024, Đại học Bách khoa Hà Nội tuyển 9.260 sinh viên bằng 3 phương thức: xét tuyển tài năng (20%), xét điểm thi đánh giá tư duy (30%), xét điểm thi tốt nghiệp THPT (50%). Trường lưu ý thí sinh trúng tuyển sớm vẫn phải đăng ký nguyện vọng trên hệ thống chung của Bộ Giáo dục và Đào tạo, từ ngày 18 đến 30/7. Học phí năm học tới khoảng 24-87 triệu đồng, nhiều ngành tăng 1-11 triệu so với hiện tại. Học phí Đại học Bách khoa Hà Nội năm 2024 Dương Tâm"
Gần 30 trường công bố điểm chuẩn học bạ,"Thứ sáu, 14/6/2024, 06:35 (GMT+7)","Gần 30 trường công bố điểm chuẩn học bạ, từ 15 đến 30 điểm theo tổ hợp ba môn, cao nhất là Đại học Luật Hà Nội.","Mức này được trường Luật Hà Nội áp dụng với ngành Luật Kinh tế ở khối A00 (Toán, Lý, Hóa) và A01 (Toán, Lý, Anh). Đây là tổng điểm trung bình 5 học kỳ (trừ kỳ II lớp 12) của ba môn, cộng điểm ưu tiên, khuyến khích (nếu có). Tại cơ sở Hà Nội, mức trúng tuyển các ngành của trường đều không dưới 26,76. Phân hiệu Đăk Lăk lấy thấp hơn, khoảng 22,51-23,14, tương tự năm ngoái. Đứng thứ hai về điểm trúng tuyển học bạ là trường Đại học Ngoại ngữ, Đại học Quốc gia Hà Nội. Trường công bố ngưỡng trúng tuyển là 8-9,4 điểm trung bình mỗi môn trong 5 học kỳ, tức cao nhất là 28,2 cho tổ hợp ba môn. Theo sau là Học viện Hàng không Việt Nam với ngành Quản lý hoạt động bay - 27 điểm. Tuy nhiên, các ngành khác của trường này chỉ lấy 18, trung bình 6 điểm mỗi môn. Mức này cũng được nhiều trường áp dụng, như Đại học Kinh tế - Tài chính TP HCM, Đại học Ngoại ngữ - Tin học TP HCM, Công nghệ Giao thông vận tải, Văn Hiến, Quốc tế Sài Gòn, Đại Nam, Công nghệ TP HCM. Tùy trường, điểm chuẩn là trung bình ba môn trong tổ hợp của 2-5 kỳ học. Đại học Kinh tế - Kỹ thuật Bình Dương hiện có đầu vào xét bằng học bạ thấp nhất, có ngành chỉ lấy 15. Một số trường lấy 16-16,5 như Đại học Gia Định, Hòa Bình, Công nghệ miền Đông. Điểm chuẩn học bạ 27 đại học, tính đến 14/6: Bộ Giáo dục và Đào tạo lưu ý thí sinh ""trúng tuyển sớm"" chỉ là kết quả tạm thời. Các em cần đăng ký nguyện vọng trên hệ thống chung của Bộ, từ ngày 18/7 đến 17h ngày 30/7. Kết quả xét tuyển đại học năm nay được công bố vào ngày 19/8, mỗi thí sinh chỉ trúng tuyển một nguyện vọng duy nhất. Năm 2023, trong hơn nửa triệu thí sinh đỗ đại học, 30,24% nhập học bằng phương thức xét tuyển học bạ, chỉ sau phương thức xét điểm thi tốt nghiệp THPT (49,5%). Dương Tâm"
Thí sinh nghi ngờ điểm thi đánh giá năng lực của ĐH Quốc gia TP HCM,"Thứ năm, 13/6/2024, 18:28 (GMT+7)",TP HCMKhoảng 400 thí sinh dự kiến xin phúc khảo vì cho rằng điểm thi đánh giá năng lực đợt 2 của Đại học Quốc gia TP HCM không chính xác.,"Sau khi tra cứu điểm thi hôm 10/6, Phương Anh, học sinh lớp 12 ở Bình Dương, thấy vô lý khi chỉ đạt 16/300 điểm ở phần Khoa học Tự nhiên. Nữ sinh cho hay đã bàn với thầy cô về đáp án sau khi làm bài và chắc chắn đúng ít nhất 10 trong 30 câu ở phần này. Trao đổi với một số bạn cùng thi, Phương Anh nhận ra nhiều người gặp cảnh tương tự. ""Trong số này, có một câu được tính điểm do đề bài sai, còn lại lẽ nào em không làm đúng thêm câu nào. Em nhớ rất rõ đáp án mình chọn nên nghi ngờ cách chấm điểm của Đại học Quốc gia TP HCM"", Phương Anh nói. Khoảng 23h ngày 12/6, khi vào tài khoản xem lại thông tin để điền đơn phúc khảo, Phương Anh bất ngờ khi thấy điểm phần thi Khoa học Tự nhiên đã được điều chỉnh lên 150/300. Mạnh Hùng, thí sinh dự thi tại điểm trường Đại học Sư phạm Kỹ thuật TP HCM, cũng hoang mang khi điểm số nhận được lệch rất nhiều so với tính toán. Dò đáp án từ thầy giáo dạy thêm, Hùng chắc chắn đúng 17/20 câu phần Tiếng Việt nhưng hệ thống báo điểm của em ở phần này chỉ đạt 128/200. Tương tự, phần Khoa học xã hội, nam sinh ước chừng đúng 16 trong tổng số 20 câu nhưng điểm chỉ đạt 123/200. ""Điểm số mỗi câu dao động 8-17 tùy vào tỷ lệ thí sinh trả lời câu đó. Như vậy, không thể nào em sai 3-4 câu mà trừ gần một nửa số điểm được"", Hùng thắc mắc. Nam sinh cho biết việc không công bố đề thi, đáp án, barem chấm khiến thí sinh luôn trong thế bị động, không có gì đảm bảo chắc chắn bài làm được chấm chính xác. Trên một nhóm gần 1.000 thí sinh đã dự thi đánh giá năng lực, gần 400 em cho biết đã và sẽ làm đơn phúc khảo kết quả thi đợt hai. Qua trao đổi với học trò, ông Bùi Văn Công, giáo viên chuyên luyện thi đánh giá năng lực tại TP HCM, cho rằng kết quả đánh giá năng lực đợt 2 bất thường. ""Tôi cũng trực tiếp đi thi đợt 2 và giải đề với học trò, có gần chục em cùng điểm phần Khoa học Tự nhiên 16/200 dù chắc chắn làm đúng nhiều câu. Sự trùng hợp này rất khó hiểu và chắc chắn có vấn đề ở khâu chấm thi"", ông nói. Giáo viên này đề xuất Đại học Quốc gia TP HCM chụp lại bài làm và phần chấm điểm của những thí sinh xin phúc khảo để đảm bảo sự công bằng. Về lâu dài, đơn vị tổ chức kỳ thi cần công bố đề, đáp án để xã hội giám sát. Chiều 13/6, Trung tâm khảo thí và đánh giá chất lượng đào tạo, Đại học Quốc gia TP HCM, cho biết đã phát hiện ""sơ sót"" và đang rà soát, sẽ thông báo chính thức sau. Trước đó, đơn vị này thừa nhận đề thi sai hai câu Hóa học và Tư duy logic, thí sinh được điểm trọn vẹn hai câu này. Những năm qua, cấu trúc đề thi đánh giá năng lực của Đại học Quốc gia TP HCM ổn định với 120 câu hỏi trắc nghiệm trong 150 phút, điểm tối đa là 1.200. Đề thi có ba phần: Sử dụng ngôn ngữ; Toán học, Tư duy logic và Phân tích số liệu; Giải quyết vấn đề (Khoa học Tự nhiên, Khoa học xã hội). Trường không công bố đề, đáp án và barem chấm điểm, tương tự các kỳ thi đánh giá năng lực, tư duy hiện nay. Hai đợt thi của Đại học Quốc gia TP HCM năm nay thu hút gần 105.000 thí sinh tham gia, điểm trung bình các em đạt được là 664,4. Thủ khoa kỳ thi đạt 1.116 điểm, là em Trần Phạm Long Nghĩa, trường THPT Tân Phú, quận Tân Phú. 109 trường đại học, cao đẳng công nhận và sử dụng điểm thi này để xét tuyển đầu vào. Lệ Nguyễn * Tên thí sinh được thay đổi"
