title,description,article,date,topic
Hơn 50 người Ấn Độ chết vì ngộ độc rượu,"Giới chức bang Tamil Nadu ở miền nam Ấn Độ thông báo 53 người chết vì uống rượu pha cồn công nghiệp methanol, một loại chất độc.","Vụ ngộ độc xảy ra ngày 18/6 khiến hơn 100 người phải nhập viện, song nhiều nạn nhân trong tình trạng nguy kịch đến mức các bác sĩ không thể cứu chữa. Muthuvel Stalin, thủ hiến bang Tamil Nadu, cho biết 37 người thiệt mạng vài giờ sau khi uống rượu pha cồn công nghiệp methanol. M.S. Prasanth, quan chức cấp cao tại quận Kallakurichi thuộc bang Tamil Nadu, ngày 22/6 thông báo 53 người chết trong vụ ngộ độc, 7 người liên quan đã bị bắt. Truyền thông Ấn Độ ngày 23/6 đưa tin 56 người đã tử vong, song giới chức nước này chưa bình luận về thông tin. Theo ủy viên hội đồng địa phương Palraj, những người lao động nghèo ở quận Kallakurichi thường mua những túi rượu giá 60 rupee (0,7 USD) để uống trước khi đi làm. Trong vụ ngộ độc ngày 18/6, một số người bị mù và được đưa tới bệnh viện, số khác chết trên phố. Ấn Độ ghi nhận hàng trăm người chết mỗi năm vì uống rượu giá rẻ mua từ các xưởng chưng cất lậu. Sự việc ở bang Tamil Nadu là một trong những vụ ngộ độc tồi tệ nhất tại Ấn Độ trong những năm gần đây. Nhiều xưởng chưng cất ở Ấn Độ pha methanol vào rượu để tăng độ nặng. Methanol, còn gọi là rượu gỗ hoặc cồn gỗ, là sản phẩm phụ trong quá trình chưng cất khô gỗ. Người uống loại cồn công nghiệp này có thể bị mù, tổn thương gan hoặc tử vong. Vụ ngộ độc năm ngoái ở bang Bihar, miền đông Ấn Độ, khiến 27 người chết. Năm 2022, tại bang Gujarat xảy ra vụ ngộ độc rượu khiến 42 người thiệt mạng. Nguyễn Tiến (Theo AFP)","Chủ nhật, 23/6/2024, 20:30 (GMT+7)",
Tương lai ba vụ truy tố ông Trump sau phán quyết 'có tội' ở New York,"Phán quyết ""có tội"" ở New York sẽ khiến các vụ truy tố còn lại của ông Trump trở nên phức tạp hơn, nhưng ông nhiều khả năng không bị xét xử thêm trước ngày bầu cử.","Vài tháng trước, nhiều người nghĩ rằng cựu tổng thống Donald Trump sẽ liên tục phải dự các phiên tòa tại nhiều bang trong những tháng cuối trước thềm bầu cử tổng thống, khi các vụ truy tố được đưa ra xét xử. Hiện tại, ông Trump đã bị bồi thẩm đoàn phán có tội trong vụ án chi tiền bịt miệng sao khiêu dâm Stormy Daniels ở New York, thẩm phán dự kiến tuyên án vào 11/7 và cựu tổng thống sẽ kháng cáo. Trong khi đó, ba vụ truy tố còn lại chưa định ngày xét xử, chưa chắc chắn liệu có phiên tòa nào diễn ra trước ngày bầu cử hay không. Những vụ này liên quan đến cáo buộc về giữ tài liệu mật, nỗ lực lật ngược kết quả bầu cử tổng thống năm 2020 và cáo buộc can thiệp bầu cử ở bang Georgia. Nếu Trump tái đắc cử vào tháng 11, điều đó sẽ khiến hai vụ truy tố cấp liên bang trở nên phức tạp hơn bởi ông có thể bổ nhiệm bộ trưởng tư pháp mới, người có thể bác bỏ những bản cáo trạng. Bộ Tư pháp khi đó cũng khó có thể truy tố tổng thống đương nhiệm và không rõ liệu các tòa án có đồng ý để tổng thống hầu tòa vì các cáo buộc của bang Georgia hay không. Nhưng nếu bất kỳ vụ án nào được đưa ra trước bồi thẩm đoàn, ông Trump sẽ ngồi vào bàn bào chữa với vị thế hoàn toàn khác so với ở New York: Ông sẽ là người có tiền án. Ông có nguy cơ phải chịu án phạt nặng hơn so với việc là người phạm tội lần đầu. ""Họ sẽ coi lịch sử phạm tội của ông ấy như một yếu tố để cân nhắc tuyên phạt"", Tess Lopez, nhà tư vấn pháp lý Mỹ, nói. Nhóm pháp lý của ông Trump cho đến nay đã cố gắng trì hoãn những phiên xét xử và chiến lược này khá hiệu quả. Tại bang Florida, nơi ông Trump bị truy tố cấp liên bang vì cáo buộc xử lý tài liệu không đúng quy định sau khi rời Nhà Trắng, thẩm phán Aileen M. Cannon đã hủy lịch xét xử vốn ấn định vào tháng 5 và trì hoãn phiên tòa vô thời hạn. Cannon cho phép tiếp nhận các yêu cầu tiền tố tụng và dự định dành cả mùa hè để tổ chức các phiên điều trần về nỗ lực tranh luận để giảm bớt hoặc xóa cáo trạng, khiến việc xét xử trước cuộc bầu cử tháng 11 khó có thể diễn ra. Chuyên gia pháp lý cho rằng trong số ba vụ truy tố, vụ án cấp liên bang ở Washington, nơi ông Trump bị cáo buộc âm mưu lật ngược kết quả bầu cử, cản trở quy trình bầu cử và âm mưu tước quyền của cử tri, là vụ án có nhiều khả năng được xét xử trước ngày tổng tuyển cử nhất. Vụ án đang tạm dừng trong thời gian Tòa án Tối cao cân nhắc về quyền miễn trừ truy tố của ông Trump. Đội ngũ pháp lý của Trump lập luận cựu tổng thống được hưởng quyền ""miễn trừ tuyệt đối"" và không thể bị truy tố với những hành động mà ông thực hiện khi còn ở Nhà Trắng, do đó, cáo trạng cần bị hủy. Tòa Tối cao dự kiến đưa ra quyết định trong tháng này hoặc đầu tháng 7. Nếu các thẩm phán nhất trí rằng ông Trump có thể bị truy tố, vụ án ở Washington sẽ nối lại quá trình chuẩn bị tiền tố tụng. Tại bang Georgia, nơi ông Trump và 14 người khác đối mặt cáo buộc cấp bang về gian lận liên quan tới nỗ lực lật ngược kết quả bầu cử ở bang này, các công tố viên và bị đơn đang chờ tòa phúc thẩm xem xét liệu công tố viên hạt Fulton Fani T. Willis có được phép tiếp tục tham gia vụ án hay không. Bà vướng vào rắc rối khi bị phát hiện có quan hệ tình cảm với một luật sư mà bà đã thuê để làm công tố viên chính trong vụ án. Tòa phúc thẩm bang Georgia dự kiến không thụ lý vụ kiện trước cuối mùa hè này và phán quyết cũng khó có thể đưa ra trước cuối năm 2024 hoặc đầu năm 2025. Phiên tòa xử ông Trump sẽ không bắt đầu trước khi tòa phúc phẩm ra quyết định. Ngoài ra, vụ kiện ở Georgia cũng có thể bị ảnh hưởng bởi phán quyết về quyền miễn truy tố của Tòa án Tối cao. Nếu thẩm phán quyết định ông Trump được hưởng quyền miễn trừ, các luật sư bào chữa gần như chắc chắn sẽ tận dụng điều đó cho vụ kiện ở Georgia. Tuy nhiên, nếu ông Trump phải hầu tòa một trong ba vụ truy tố này, nhiều luật sư bào chữa cảnh báo phán quyết ở New York có thể ảnh hưởng tới khả năng tự bào chữa của ông. Các luật sư luôn cho rằng việc để thân chủ tự bào chữa tiềm ẩn nhiều rủi ro nhưng ông Trump đã không loại trừ phương án này. Trong trường hợp Trump thật sự làm vậy, công tố viên có thể viện dẫn bản án ở New York để lập luận rằng lời nói của ông không đáng tin. Hệ thống tư pháp Mỹ có bộ hướng dẫn tuyên án, trong đó bị cáo sẽ bị tính ""điểm"" tội sau khi thẩm phán đánh giá lý lịch tư pháp và đặc điểm cá nhân. Những điểm đó sẽ đóng vai trò như căn cứ để thẩm phán đưa ra bản án thích đáng, điểm càng cao thì hình phạt càng lớn. Lopez nói rằng ông Trump có thể sẽ bị tính một điểm sau khi bị phán có tội ở New York. Nếu ông bị tuyên án tù ít nhất 60 ngày, ông sẽ bị tích thêm hai điểm, nhưng điều này khó xảy ra do ông đã cao tuổi và không có tiền sử phạm tội. Thẩm phán cũng sẽ đánh giá các đặc điểm cá nhân như ông Trump có tôn trọng lệnh của tòa án và thể hiện sự ăn năn hay không. Các thẩm phán thường tuân thủ bản hướng dẫn tuyên án này, dù họ có quyền tự quyết định mà không bị ràng buộc bởi chúng. ""Họ thực sự quan tâm đến lịch sử phạm tội, đặc điểm cá nhân và hoàn cảnh phạm tội của bạn, xem những yếu tố đó sẽ làm tăng hay giảm nhẹ mức án"", Lopez nói. Thanh Tâm (Theo Washington Post, Reuters, AFP)","Chủ nhật, 23/6/2024, 19:00 (GMT+7)",Ông Trump bị truy tố ở New York Kết tội Phiên tòa Điều gì tiếp theo? Kế hoạch 'tóm và diệt'
Bất đồng về vũ khí khoét sâu rạn nứt Mỹ - Israel,"Bất đồng liên quan gói vũ khí viện trợ của Mỹ cho Israel khiến Tel Aviv và Washington chỉ trích lẫn nhau, gia tăng rạn nứt giữa hai đồng minh.","Thủ tướng Israel Benjamin Netanyahu trong video đăng ngày 18/6 cho biết ông đã có cuộc trao đổi thẳng thắn với Ngoại trưởng Mỹ Antony Blinken khi ông này đến Tel Aviv tuần trước. Ông Netanyahu chỉ trích Mỹ vì đã từ chối cung cấp vũ khí đạn dược cho Israel suốt nhiều tháng và được ông Blinken trấn an rằng Washington đang nỗ lực để ""gỡ nút thắt"". Video của ông Netanyahu lập tức khiến Mỹ phản ứng. Phát ngôn viên Nhà Trắng Karine Jean-Pierre ngày 19/6 bác bỏ cáo buộc từ Thủ tướng Israel, trong khi phát ngôn viên Hội đồng An ninh Quốc gia Nhà Trắng John Kirby ngày 20/6 công khai thể hiện sự không hài lòng với Tel Aviv. ""Tôi nghĩ chúng tôi đã nêu rõ sự thất vọng và lo ngại về tính chính xác của những tuyên bố trong video"", ông Kirby nói. ""Thông tin chúng tôi trì hoãn hỗ trợ Israel hoàn toàn không đúng"". Ngoại trưởng Blinken khẳng định Washington đang viện trợ quân sự cho Tel Aviv, ngoại trừ loại bom 900 kg vẫn trong quá trình xem xét. Đây không phải lần đầu tiên Israel và Mỹ bất đồng từ khi Tel Aviv mở chiến dịch đáp trả Hamas ở Gaza tháng 10/2023, nhưng là dấu hiệu cho thấy rạn nứt giữa hai đồng minh đang lan rộng. Tổng thống Joe Biden phản đối Israel mở chiến dịch vào thành phố Rafah, miền nam Gaza, nơi hơn một triệu dân thường đang trú ẩn, đồng thời dọa dừng viện trợ vũ khí nếu Tel Aviv phớt lờ cảnh báo. Israel tháng 5 vẫn tiến công Rafah, tiến hành một số đòn tập kích gây thương vong cho dân thường. Mỹ sau đó xác nhận không chuyển loại bom nặng 900 kg cho Israel vì lo ngại khiến thương vong của người dân Gaza tăng cao. Các nguồn thạo tin cho biết nhóm cố vấn cấp cao của ông Biden đã phẫn nộ trước video của ông Netanyahu. Video được đăng khi phái viên Amos Hochstein của Tổng thống Mỹ đang nỗ lực xoa dịu căng thẳng ở biên giới giữa Israel và Lebanon. Theo ba nguồn thạo tin, ông Hochstein đã gặp ông Netanyahu tối 18/6 và cuộc họp diễn ra ""căng thẳng"". Hochstein dành phần lớn thời gian để đưa ra thông điệp cứng rắn và truyền đạt lại phản ứng của chính quyền Mỹ với ông Netanyahu. ""Người Mỹ đang tức giận. Video của ông Netanyahu đã gây tổn thất đáng kể"", một quan chức Israel nói. Ông Sullivan ngày 20/6 vẫn gặp người đồng cấp Israel Tzachi Hanegbi cùng Bộ trưởng Các vấn đề chiến lược Israel Don Dermer như kế hoạch. Tuy nhiên, giới chức Mỹ đã hủy ""đối thoại chiến lược"", dự kiến do Sullivan và Hanegbi đồng chủ trì, để bàn về an ninh của Israel, theo một quan chức Nhà Trắng. Sự kiện được xem là quan trọng, vì sẽ đề cập nhiều vấn đề chiến lược, như mối đe dọa từ Iran với Israel. Các quan chức chính quyền Mỹ nói cuộc đối thoại này vốn chưa được ấn định chắc chắn trong kế hoạch và họ đang sắp xếp lại. Trong khi đó, các nguồn tin Nhà Trắng cho biết sự phẫn nộ liên quan video của ông Netanyahu đã ảnh hưởng đến quyết định tổ chức sự kiện. Ông Hanegbi và Dermer trước đó đã phản đối ông Netanyahu đăng video chỉ trích Mỹ nhưng bất thành. ""Video đó thật kinh khủng và không cần thiết. Nó lẽ ra không nên được thực hiện. Ngoài ra, các tuyên bố của ông Netanyahu cũng không đúng. Ông ấy không thể hiện sự tôn trọng. Chưa có tổng thống Mỹ nào thân thiện hơn với Israel như ông Biden"", một quan chức Mỹ cấp cao bình luận. Xung đột ở Gaza đang trở thành vấn đề thách thức với ông Biden trong cuộc đua tái tranh cử tổng thống. Thảm họa nhân đạo ở Gaza và số thương vong tăng mỗi ngày đã khiến ông vấp nhiều chỉ trích từ phe cấp tiến trong đảng Dân chủ. Một số thành viên đảng này thậm chí còn gọi thẳng ông Netanyahu là ""tội phạm chiến tranh"". Trong khi đó, hầu hết nghị sĩ Cộng hòa đứng về phía ông Netanyahu. Chủ tịch Ủy ban Đối ngoại Hạ viện Mike McCaul ngày 21/6 bày tỏ ""quan ngại sâu sắc khi các quan chức chính phủ Israel tiếp tục than phiền về tình trạng Mỹ trì hoãn viện trợ vũ khí"". ""Việc chính quyền ông Biden áp dụng chiêu trò chính trị với an ninh Israel là điều không thể chấp nhận được"", ông McCaul nói. Ông Netanyahu dự kiến có bài phát biểu trước quốc hội Mỹ vào ngày 24/7. Thủ tướng Israel cho biết ông định tận dụng cơ hội này để ""gửi thông điệp cho người dân Mỹ và tập hợp sự hỗ trợ từ lưỡng đảng"". Trong khi đó, giới quan sát cảnh báo bài phát biểu của ông Netanyahu có thể gây thêm thiệt hại và Thủ tướng Israel ""nên cân nhắc việc đến Mỹ"". ""Thủ tướng Netanyahu lẽ ra nên giữ kín các bất đồng rồi âm thầm xử lý. Ông ấy còn tự làm giảm cơ hội gặp trực tiếp Tổng thống Biden khi đến Mỹ. Không có một cuộc gặp với ông chủ Nhà Trắng, sự ủng hộ mà lưỡng đảng dành cho Israel có thể suy giảm"", một nguồn tin nói. Như Tâm (Theo Nation, Ynetnews)","Thứ hai, 24/6/2024, 00:00 (GMT+7)",
Việt - Mỹ sẽ thúc đẩy các lĩnh vực hợp tác mới nổi,"Bộ trưởng Ngoại giao Bùi Thanh Sơn tiếp Trợ lý Ngoại trưởng Mỹ, thảo luận về các biện pháp tăng cường hợp tác, trong đó các lĩnh vực hợp tác mới nổi như đổi mới sáng tạo, bán dẫn, chuyển đổi năng lượng sạch.","Bộ trưởng Ngoại giao Bùi Thanh Sơn chiều 21/6 tiếp Trợ lý Ngoại trưởng Mỹ phụ trách các vấn đề Đông Á và Thái Bình Dương Daniel Kritenbrink nhân chuyến thăm làm việc tại Việt Nam ngày 21-22/6, theo thông cáo hôm nay của Bộ Ngoại giao. Bộ trưởng Bùi Thanh Sơn đánh giá cao đóng góp của Trợ lý Ngoại trưởng Kritenbrink đối với quan hệ hai nước và cảm ơn Bộ Ngoại giao Mỹ trong thúc đẩy nâng cấp quan hệ hai nước lên Đối tác Chiến lược Toàn diện và đã phối hợp chặt chẽ để tổ chức thành công Đối thoại Bộ trưởng Ngoại giao Việt Nam - Mỹ lần thứ nhất tại Washington D.C. hồi tháng 3. Bộ trưởng Bùi Thanh Sơn khẳng định Việt Nam luôn coi Mỹ là đối tác có tầm quan trọng chiến lược và sẵn sàng cùng Mỹ thúc đẩy quan hệ Đối tác Chiến lược Toàn diện phát triển hiệu quả, ổn định, thực chất trên cơ sở tôn trọng độc lập, chủ quyền, toàn vẹn lãnh thổ và thể chế chính trị của nhau, phù hợp với lợi ích của nhân dân hai nước và đóng góp cho hòa bình, ổn định, hợp tác và phát triển ở khu vực. Bộ trưởng khẳng định Việt Nam ủng hộ Mỹ tăng cường hợp tác với khu vực nhằm đóng góp cho hòa bình, ổn định, hợp tác và phát triển tại khu vực cũng như trên thế giới. Trợ lý Ngoại trưởng Kritenbrink tái khẳng định cam kết của Mỹ ủng hộ một Việt Nam mạnh, độc lập, tự cường và thịnh vượng. Ông cho biết Mỹ hoan nghênh và đánh giá cao việc Việt Nam đảm nhiệm vai trò ngày càng quan trọng tại các diễn đàn đa phương và khu vực; coi trọng và ủng hộ vai trò trung tâm của ASEAN trong cấu trúc khu vực và sẽ tiếp tục quan tâm thúc đẩy quan hệ Đối tác Chiến lược Toàn diện ASEAN - Mỹ và quan hệ Đối tác Mekong - Mỹ. Hai bên đã trao đổi về các biện pháp cụ thể để triển khai hiệu quả khuôn khổ quan hệ mới trong thời gian tới, trong đó nhất trí tăng cường tiếp xúc và trao đổi đoàn cấp cao, duy trì đà phát triển của hợp tác kinh tế - thương mại - đầu tư, khắc phục hậu quả chiến tranh, ứng phó với biến đổi khí hậu..., đồng thời thúc đẩy các lĩnh vực hợp tác mới nổi như đổi mới sáng tạo, bán dẫn, chuyển đổi năng lượng sạch. Hai bên cũng trao đổi về các vấn đề khu vực và quốc tế cùng quan tâm và nhấn mạnh tầm quan trọng của việc giải quyết tranh chấp thông qua các biện pháp hoà bình trên cơ sở tuân thủ các nguyên tắc cơ bản của Hiến chương Liên Hợp Quốc và luật pháp quốc tế, trong đó có vấn để Biển Đông, đóng góp tích cực vào hòa bình, ổn định, hợp tác và phát triển tại khu vực. Ông Kritenbrink cũng đã làm việc với Thứ trưởng Ngoại giao Hà Kim Ngọc để trao đổi về các vấn đề trong khuôn khổ Đối tác Chiến lược Toàn diện Việt Nam - Mỹ và các vấn đề khác cùng quan tâm. Thanh Tâm","Chủ nhật, 23/6/2024, 13:39 (GMT+7)",Quan hệ Việt - Mỹ Mức quan hệ Tuyên bố chung Bước thay đổi
Tình báo Mỹ - trợ thủ của Israel trong nỗ lực giải cứu con tin,Cuộc đột kích bất ngờ giúp giải cứu thành công 4 con tin đầu tháng này của Israel có một phần không nhỏ công sức của tình báo Mỹ.,"Kể từ khi Hamas bất ngờ tấn công miền nam Israel hồi đầu tháng 10/2023, Mỹ đã tăng cường thu thập tin tình báo về nhóm vũ trang ở Gaza. Họ cũng đang chia sẻ lượng lớn thông tin thu thập từ máy bay không người lái, ảnh vệ tinh, can thiệp liên lạc và phân tích dữ liệu bằng phần mềm hiện đại được hỗ trợ bằng trí tuệ nhân tạo. Trước đó, cộng đồng tình báo Mỹ không coi Hamas là mục tiêu ưu tiên, theo các quan chức và cựu quan chức Mỹ. Song điều đó đã thay đổi sau cuộc tấn công của Hamas vào miền nam Israel khiến khoảng 1.200 người thiệt mạng và 250 người bị bắt cóc. Nhân viên Bộ Tư lệnh Đặc nhiệm Liên quân Mỹ (JSOC) sau đó bắt đầu làm việc cùng với sĩ quan Cục Tình báo Trung ương Mỹ (CIA) tại trụ sở của cơ quan này ở Israel. Nhân viên CIA cũng gặp gỡ các đối tác của họ ở đất nước này gần như hàng ngày. Bộ Ngoại giao Mỹ cử đặc phái viên về vấn đề con tin tới Israel và gặp gỡ quan chức hàng đầu của Tel Aviv phụ trách nỗ lực giải cứu con tin. Trong những tuần đầu xung đột, các quan chức Israel chịu trách nhiệm xác định vị trí con tin ở Dải Gaza đã yêu cầu hỗ trợ từ Mỹ để khoanh vùng thông tin mà họ biết từ các nguồn riêng. Mỹ đã cung cấp các thông tin quan trọng, cùng công nghệ và năng lực phân tích khối lượng hình ảnh lớn, để có được hình ảnh ba chiều chi tiết về địa hình ở Gaza. ""Họ cung cấp một số năng lực mà chúng tôi chưa từng có trước ngày 7/10"", một quan chức Israel nói, đề cập tới ngày xảy ra vụ tấn công của Hamas. Một quan chức khác của Israel thêm rằng Mỹ đã cung cấp cho họ những hình ảnh vệ tinh rất chi tiết mà Tel Aviv không có. Trước cuộc tấn công ngày 7/10 năm ngoái, Israel đã bao phủ Gaza bằng hệ thống giám sát điện tử, theo dõi các thành viên Hamas thông qua điện thoại của họ. Tuy nhiên, thông tin tình báo ""có giá trị thực tiễn"" về Gaza là điều mà Israel còn thiếu trong nhiều năm qua, khi họ phải phụ thuộc quá mức vào công nghệ, không thể xây dựng mạng lưới gián điệp trong khu vực và thiếu năng lực phân tích. Việc thiếu hoạt động tình báo của con người là một phần nguyên nhân khiến Israel không kịp phát hiện kế hoạch tấn công của Hamas. ""Chúng tôi đã từng nghĩ Hamas không dám tấn công"", một cựu quan chức tình báo Israel nói, thêm rằng cuộc tấn công ngày 7/10/2023 đã thay đổi quan điểm đó. Những nỗ lực xác định vị trí con tin đã nhấn mạnh tầm quan trọng của hoạt động tình báo con người. Hồi tháng 5, lực lượng Israel tìm thấy thi thể một số con tin sau khi thẩm vấn một thành viên Hamas, người đã giúp xác định vị trí. Các cuộc thẩm vấn tù nhân đã trở thành một phần quan trọng giúp Israel xây dựng bức tranh tình báo tổng thể. Israel cũng tìm thấy những tin tình báo hữu ích trong các máy chủ, máy tính, điện thoại di động, laptop và tài liệu khác thu được từ nơi ẩn náu, căn cứ chỉ huy của Hamas. Các nhà phân tích Mỹ đã giúp khai thác các nguồn tin đó để tìm manh mối về nơi ở của con tin. Cuộc đột kích thành công hồi đầu tháng của Israel ở Nuseirat, miền trung Gaza, dựa trên thông tin chính xác về vị trí của 4 con tin. Quân đội Israel cho biết lực lượng đặc nhiệm nước này đã đột kích hai vị trí của Hamas ở Nuseirat, miền trung Gaza. Danh tính 4 con tin người Israel được giải cứu là Noa Argamani, 25 tuổi, Almog Meir Jan, 21 tuổi, Andrey Kozlov, 27 tuổi và Shlomi Ziv, 40 tuổi. Cố vấn An ninh Mỹ Jake Sullivan cho biết Washington đã ""cung cấp một loạt nguồn lực, thiết bị và chuyên môn mạnh mẽ"". Ông Sullivan cũng từng nhấn mạnh thông tin tình báo mà Mỹ cung cấp ""không giới hạn"". ""Chúng tôi không giữ lại bất kỳ điều gì. Chúng tôi cung cấp mọi nguồn lực, công cụ và khả năng"", ông nói. Sự hợp tác tình báo giữa Mỹ và Israel tuân theo một nguyên tắc: bất kỳ thông tin nào mà Mỹ cung cấp hoặc cho phép Israel tiếp cận chỉ được sử dụng trong nỗ lực giải cứu con tin và theo dõi lãnh đạo Hamas. Israel bị cấm sử dụng thông tin tình báo Mỹ để nhắm mục tiêu các thành viên Hamas trong các hoạt động quân sự, gồm cả không kích. Tuy nhiên, nhiều quan chức Mỹ, gồm cả các nhà lập pháp ở Đồi Capitol, lo ngại lực lượng Israel có thể sử dụng tin tình báo để tiến hành các cuộc không kích hoặc hoạt động quân sự khác. Washington không có phương tiện hiệu quả để giám sát cách Israel sử dụng chúng. Một thành viên của Đơn vị 8200, tổ chức tình báo của Israel, khẳng định Tel Aviv ""rất cẩn thận"", không sử dụng những thông tin tình báo Mỹ cung cấp nếu không được phép. ""Việc Mỹ - Israel chia sẻ thông tin tình báo rất quan trọng. Chúng tôi cần phải giữ gìn mối quan hệ đó"", người này nói. Thanh Tâm (Theo Washington Post, TOI, CNN)","Chủ nhật, 23/6/2024, 11:48 (GMT+7)",Chiến sự Hamas - Israel Áp lực Giải cứu con tin Kịch bản ICC phát lệnh bắt Thương vong
Tổng tư lệnh Ukraine: Nga muốn tiến công trước khi chạm trán tiêm kích F-16,"Tổng tư lệnh Syrsky nói Nga đang đẩy mạnh tiến công để giành thêm lãnh thổ trước khi Ukraine nhận thêm viện trợ quân sự, bao gồm chiến đấu cơ F-16.","""Nga nhận thức rõ rằng với việc Ukraine đang dần tiếp nhận lượng lớn vũ khí và trang thiết bị quân sự, trong đó có sự xuất hiện của các tiêm kích F-16 đầu tiên, thứ sẽ giúp chúng tôi tăng cường năng lực phòng không, cơ hội thành công của họ sẽ giảm đi theo thời gian"", tư lệnh quân đội Ukraine Oleksandr Syrsky viết trên mạng xã hội tuần này. ""Do đó, giới chỉ huy Nga đang nỗ lực hết sức để tăng cường độ và mở rộng khu vực giao tranh, nhằm làm quân đội Ukraine suy kiệt đến mức tối đa, gián đoạn hoạt động huấn luyện lực lượng dự bị và ngăn chúng tôi chuyển sang thế tấn công chủ động"", ông cho biết thêm. Theo tư lệnh Ukraine, lực lượng Nga hiện tập trung hỏa lực ở tỉnh miền đông Donetsk, đặc biệt là mặt trận Pokrovsk. Họ đang áp sát một tuyến đường giao thông và tiếp tế quan trọng, đóng vai trò kết nối các trung tâm dân sự ở phía bắc vùng công nghiệp này với những ngôi làng xa hơn về phía nam. Tiêm kích đa năng F-16 do Mỹ phát triển từ những năm 1970, có giá khoảng 30-35 triệu USD tùy biến thể. F-16 có thể đạt tốc độ tối đa 2.121 km/h ở độ cao 12.000 m, trần bay tối đa 18.000 m với tầm hoạt động 546 km. Nó được trang bị một pháo 6 nòng 20 mm, 11 giá treo có thể mang theo 7,7 tấn vũ khí, trong đó có bom hạt nhân B61 hoặc B63. Sau khi được Mỹ bật đèn xanh vào năm ngoái, Bỉ, Hà Lan, Đan Mạch và Na Uy đã cam kết chuyển giao tổng cộng 85 phi cơ loại này cho Ukraine, song chưa rõ chúng sẽ đến tay Kiev khi nào. Truyền thông nhận định lô tiêm kích F-16 đầu tiên có thể đến Ukraine sớm nhất là trong vài tuần nữa, nhưng việc chuyển giao đã nhiều lần bị trễ hẹn. Tại hội nghị thượng đỉnh về hòa bình Ukraine tổ chức tại Thụy Sĩ cuối tuần trước, Tổng thống Volodymyr Zelensky cho rằng viện trợ nước ngoài dành cho Kiev vẫn chưa đủ và đang được chuyển đến muộn. Ông kêu gọi các đối tác đẩy nhanh tiến trình chuyển giao các tiêm kích F-16 và cung cấp thêm hệ thống phòng không cho Ukraine. Tiêm kích F-16 được kỳ vọng sẽ là sự nâng cấp cần thiết cho lực lượng không quân già cỗi của Ukraine, vốn chủ yếu gồm các phi cơ sản xuất từ thời Liên Xô và đã hứng tổn thất nghiêm trọng sau hơn hai năm chiến sự. Dù vậy, giới chuyên gia cảnh báo nó không phải ""vũ khí kỳ diệu"" có thể giúp Ukraine thay đổi cục diện chiến trường, vẫn có thể bị các hệ thống phòng không của Nga bắn hạ. Viện Nghiên cứu Chiến tranh (ISW), trụ sở tại Mỹ, hôm 12/6 nhận định Ukraine gần đây liên tục phóng tên lửa tập kích các tổ hợp phòng không của đối phương nhằm ""dọn đường"" trước khi chính thức tiếp nhận tiêm kích F-16. Phạm Giang (Theo AFP)","Chủ nhật, 23/6/2024, 09:41 (GMT+7)",Chiến sự Nga - Ukraine Đòn tập hậu ở Kharkov Quyền đáp trả Nga của Ukraine Xe tăng mai rùa Cục diện
Hai người Moldova bị bắt vì vẽ hình quan tài lính Pháp,"Pháp bắt hai người Moldova với cáo buộc ""làm suy yếu tinh thần quân đội"" khi vẽ bậy hình quan tài nhằm phản đối ý tưởng gửi quân tới Ukraine.","Hai người đàn ông mang hộ chiếu Moldova bị bắt đêm 20/6, rạng sáng 21/6 tại thủ đô Paris, sau khi vẽ 6 hình quan tài màu đỏ và dòng chữ ""Hãy chấm dứt cái chết, Mriya, Ukraine"" trên bức tường mặt tiền trụ sở báo cánh hữu Le Figaro. Mriya có nghĩa là ""giấc mơ"" trong tiếng Ukraine. Công tố viên Pháp ngày 22/6 cáo buộc hai người Moldova phá hoại tài sản và ""nỗ lực làm suy yếu tinh thần quân đội để gây tổn hại đến quốc phòng trong thời bình"". Nguồn tin am hiểu vấn đề cho biết hai người Moldova khai họ được trả hơn 100 USD để vẽ hình quan tài. Đây được cho là hành động mới nhất trong nỗ lực phản đối ý tưởng gửi quân Pháp tới Ukraine của Tổng thống Emmanuel Macron. Các quan chức Pháp đã nhiều lần cảnh báo nguy cơ thông tin sai lệch và các nỗ lực khác của Nga nhằm làm suy yếu ủng hộ của Pháp dành cho Ukraine. Sáu hình quan tài tương tự cũng được phát hiện trên mặt tiền trụ sở hãng thông tấn AFP ở trung tâm thủ đô Paris, cách không xa văn phòng báo Le Figaro, ngày 20/6. Giới chức Pháp đang điều tra những bức vẽ máy bay chiến đấu Mirage của Pháp dưới dạng quan tài cùng dòng chữ ""Mirage cho Ukraine"" ở ba quận thủ đô Paris ngày 18/6. Hình ảnh tương tự cũng xuất hiện trên tường tòa nhà AFP một ngày trước đó. Tổng thống Macron hồi đầu tháng 6 tuyên bố Pháp sẽ gửi máy bay chiến đấu Mirage 2000 cho Ukraine và đào tạo phi công Ukraine theo thỏa thuận hợp tác quân sự mới giữa hai nước. Cảnh sát Pháp ngày 8/6 bắt ba thanh niên Moldova vì vẽ hình quan tài cùng dòng chữ ""Lính Pháp ở Ukraine"" ở thủ đô Paris. Họ bị cáo buộc tội phá hoại tài sản và đã được thả. Ngoại trưởng Moldova Mihai Popsoi đăng bài trên mạng xã hội X rằng ""chúng tôi rất tiếc và lên án mạnh mẽ hành vi này"". Ông cho biết hành vi phá hoại là một phần ""chiến thuật hỗn hợp nhằm làm tổn hại đến hình ảnh quốc tế của chúng tôi"". Trong bình luận mới ngày 22/6, ông Popsoi lên án ""hành vi xúi giục thù hận"". ""Chúng tôi kêu gọi công dân Moldova đề cao cảnh giác và không để bản thân bị thao túng, gây tổn hại đến đất nước"", ông cho hay. Thanh Tâm (Theo AFP, AP)","Chủ nhật, 23/6/2024, 08:46 (GMT+7)",Chiến sự Nga - Ukraine Đòn tập hậu ở Kharkov Quyền đáp trả Nga của Ukraine Xe tăng mai rùa Cục diện
"150.000 người Israel biểu tình, yêu cầu giải tán chính phủ","Khoảng 150.000 người Israel tuần hành ở Tel Aviv, chỉ trích chính phủ của Thủ tướng Netanyahu và yêu cầu tổ chức bầu cử mới.","""Tôi ở đây vì lo lắng cho tương lai của các cháu mình. Chúng sẽ không có tương lai nếu chúng tôi không ra ngoài và loại bỏ chính phủ khủng khiếp này"", Shai Erel, người tham gia cuộc biểu tình ở thủ đô Tel Aviv của Israel ngày 22/6, nói. Tổ chức biểu tình chống chính phủ Hofshi Israel ước tính có hơn 150.000 người tuần hành ở thủ đô Tel Aviv ngày 22/6, gọi đây là cuộc biểu tình lớn nhất ở nước này kể từ khi xung đột Gaza bùng phát hồi đầu tháng 10/2023. Dòng người biểu tình vẫy cờ Israel và hô vang khẩu hiệu phản đối chính phủ của Thủ tướng Benjamin Netanyahu khi kéo về đại lộ chính ở thủ đô Tel Aviv. Nhiều người còn cầm theo biểu ngữ có dòng chữ ""Thủ tướng tội phạm"" và ""Dừng chiến tranh"". Một số khác nằm trên mặt đất phủ đầy sơn đỏ tại Quảng trường Dân chủ để phản đối những gì họ cho là ""cái chết của nền dân chủ"" ở Israel dưới thời Thủ tướng Netanyahu. Phát biểu trước đám đông biểu tình, cựu giám đốc cơ quan an ninh nội địa Shin Bet của Israel Yuval Diskin chỉ trích ông Netanyahu là ""thủ tướng tệ nhất"" của quốc gia này. Nhiều người cũng bày tỏ thất vọng với liên minh cánh hữu của Israel, trong đó có Bộ trưởng An ninh Itamar Ben Gvir và nhiều người theo chủ nghĩa dân tộc cực hữu. Họ cáo buộc liên minh kéo dài cuộc chiến ở Gaza, gây nguy hiểm cho an ninh đất nước và tính mạng của các con tin bị Hamas giữ. Yoram, hướng dẫn viên du lịch 50 tuổi, cho biết ông tham gia biểu tình hàng tuần vì tin rằng Israel cần tổ chức bầu cử mới. ""Tôi thực sự hy vọng chính phủ hiện tại sẽ sụp đổ. Nếu chúng ta đợi tới cuộc bầu cử theo kế hoạch vào năm 2026, đó sẽ không phải là cuộc bầu cử dân chủ"", ông nói. Hàng nghìn người thân của các con tin và người ủng hộ họ cũng tổ chức cuộc biểu tình riêng vào tối 22/6, yêu cầu chính phủ tìm cách trả tự do cho 116 người vẫn bị Hamas giữ ở Gaza. Nhóm vũ trang Hamas ở Gaza đã bất ngờ tấn công miền nam Israel vào đầu tháng 10/2023, khiến khoảng 1.200 người chết và bắt cóc 250 con tin. Israel lập tức phát động chiến dịch nhằm ""xóa sổ"" Hamas và giải cứu con tin. Gần 9 tháng giao tranh đã khiến hơn 37.500 người thiệt mạng và nhiều khu vực bị tàn phá ở Dải Gaza. Thanh Tâm (Theo AFP)","Chủ nhật, 23/6/2024, 06:43 (GMT+7)",Chiến sự Hamas - Israel Áp lực Giải cứu con tin Kịch bản ICC phát lệnh bắt Thương vong
Phương Tây hoài nghi nỗ lực chống tham nhũng của Ukraine,"Ukraine nói rằng họ đang đạt được những bước tiến lớn trong cuộc chiến chống tham nhũng, song các đồng minh phương Tây chưa thực sự tin tưởng vào tuyên bố này.","Các quan chức Ukraine khẳng định họ đang chống tham nhũng quyết liệt như cách quân đội của họ đang chiến đấu ở miền đông. Nhưng các nước phương Tây, trong đó có cả Mỹ, cho rằng họ vẫn chưa làm đủ và đây là nguyên nhân gây căng thẳng ngày càng gay gắt giữa Ukraine và một số đồng minh ủng hộ mạnh mẽ nhất, đe dọa các nguồn hỗ trợ kinh tế và quân sự bổ sung tới nước này. Gần như mỗi tháng lại, giới chức Ukraine lại công bố một vụ án tham nhũng mới và hàng loạt quan chức cấp cao bị bắt hoặc sa thải. Hồi cuối tháng 5, cựu phó chánh văn phòng tổng thống Ukraine Andrii Smyrnov bị Cục Chống tham nhũng Quốc gia buộc tội ""làm giàu bất hợp pháp"". Cơ quan này cho biết Smyrnov đã mua bất động sản, xe cộ và các tài sản khác có giá trị gấp hơn 10 lần số lương và tiền tiết kiệm ông báo cáo. Hồi tháng 4, Tổng thống Volodymyr Zelensky sa thải Illya Vitiuk, lãnh đạo bộ phận an ninh mạng trực thuộc Cơ quan An ninh Ukraine, vài ngày sau khi truyền thông địa phương đưa tin vợ ông đã mua căn hộ trị giá hơn 500.000 USD ở một khu phố thượng lưu tại thủ đô Kiev. Trong năm nay, chánh án Vsevolod Knayazev bị buộc tội nhận hối lộ hơn hai triệu USD và bị sa thải ngay lập tức. Một tài phiệt nổi tiếng, Ihor Kolomoisky, người từng ủng hộ mạnh mẽ Tổng thống Zelensky, đã bị bỏ tù với tội danh lừa đảo, tham ô và rửa tiền. ""Số vụ án được phá tăng gấp đôi không có nghĩa là tham nhũng nhiều gấp đôi"", Oleksandr Klymenko, lãnh đạo đơn vị chống tham nhũng đặc biệt tại văn phòng tổng công tố Ukraine, cho biết. ""Ngược lại, điều đó cho thấy chúng tôi đang làm việc hiệu quả gấp đôi so với trước đây"". Đơn vị của Klymenko là một trong loạt cơ quan chống tham nhũng được Ukraine thành lập sau năm 2014. Trong số này còn có Cục Chống Tham nhũng Quốc gia, Tòa án Chống Tham nhũng Cấp cao, Cơ quan Phòng chống Tham nhũng Quốc gia chịu trách nhiệm xây dựng chính sách loại trừ tham nhũng và một cơ quan chống tham nhũng đặc biệt thuộc Bộ Quốc phòng. Nhiều nhóm dân sự và cơ quan truyền thông cũng tích cực vạch trần nạn tham nhũng ở Ukraine. Nhiều quan chức Ukraine nói rằng đất nước họ đã đạt được vô số bước tiến lớn và những vụ án được phá gần đây là bằng chứng cho thấy nỗ lực chống tham nhũng của Kiev đã thành công. Nhưng các nước phương Tây lại tỏ ra hoài nghi với tuyên bố này. Vấn nạn tham nhũng được cho là đã lan rộng ở Ukraine suốt nhiều thập kỷ. Những kẻ đầu sỏ kiểm soát các ngành công nghiệp chủ chốt và nắm cả ghế trong quốc hội. Công chức, trong đó có cả các thẩm phán, cũng bị mua chuộc. Các thành viên đảng Cộng hòa tại quốc hội Mỹ đã lấy vấn đề tham nhũng là một trong những lý do để cản trở gói viện trợ trị giá 61 tỷ USD cho Ukraine, khiến quân đội nước này thất thế trên chiến trường. Các quan chức Mỹ, trong đó có Ngoại trưởng Antony Blinken, cho rằng Ukraine ""đã thực hiện những bước quan trọng nhưng vẫn còn nhiều việc phải làm"" trong nỗ lực chống tham nhũng. Cuộc gặp giữa Tổng thống Zelensky và Ngoại trưởng Blinken tháng trước đã diễn ra rất căng thẳng. Lãnh đạo Ukraine bày tỏ trân trọng nguồn viện trợ quân sự của Mỹ nhưng tỏ ra thất vọng trước việc Ngoại trưởng Blinken đánh giá không tương xứng nỗ lực chống tham nhũng của Kiev, theo các nguồn tin giấu tên am hiểu vấn đề. Nhiều thân tín của Tổng thống Zelensky lập luận rằng dù tham nhũng vẫn đặt ra thách thức nghiêm trọng cho chính quyền, nỗ lực chống tham nhũng có thể làm xao lãng mục tiêu tối cao là đánh bại Nga. Các quan chức cấp cao Ukraine phàn nàn rằng Mỹ và châu Âu thường lấy định kiến về tham nhũng như một cái cớ để trì hoãn hoặc phản đối viện trợ, trong khi chính họ cũng đang đối mặt vấn đề tương tự. ""Nó hoàn toàn không công bằng"", Phó thủ tướng Olha Stefanishyna, người đang giám sát quá trình gia nhập EU của Ukraine, năm ngoái nhấn mạnh trong một cuộc phỏng vấn. ""Chúng tôi luôn muốn nói rằng 'Tại sao các bạn lại thuyết giảng chúng tôi? Chúng tôi thấy thủ tướng của các bạn cũng bị buộc tội tham nhũng"". Stefanishyna cho biết bà không nghĩ đến bất kỳ quốc gia cụ thể nào, nhưng nhiều sự kiện xảy ra trong hai năm qua là bằng chứng. Các lãnh đạo ở Bồ Đào Nha và Tây Ban Nha cũng như quan chức Nghị viện châu Âu đã phải đối mặt cáo buộc tham nhũng. Sau khi phương Tây kêu gọi Ukraine áp đặt các quy tắc vận động hành lang chặt chẽ hơn, Stefanishyna đã viện dẫn một thông tin được công bố năm ngoái rằng Tổng vụ trưởng Khu vực Láng giềng và Mở rộng châu Âu của Ủy ban châu Âu Gert Jan Koopman từ năm 2009 đã sở hữu một khách sạn sang trọng ở Bali, Indonesia mà không phải báo cáo theo quy định EU đề ra. Olga Savran, giám đốc mạng lưới chống tham nhũng tại Tổ chức Hợp tác và Phát triển Kinh tế Quốc tế, nói rằng Ukraine đã đạt được nhiều tiến bộ, song tham nhũng vẫn là vấn đề lớn đối với ""cơ cấu quyền lực"" tại nước này, vốn bị các tài phiệt thao túng ở mọi cấp độ. Các quan chức Ukraine cho biết áp lực lớn nhất nhằm xóa bỏ tham nhũng không đến từ phương Tây mà từ chính người dân. Sự phẫn nộ của công chúng đối với gian lận bầu cử và tham nhũng trong chính phủ đã gây ra hai cuộc cách mạng trong nước và vào năm 2019, cơn thịnh nộ tương tự đã đưa Zelensky lên làm tổng thống với lời hứa rằng ông sẽ xóa bỏ tham nhũng. Giới chuyên gia đánh giá những tuyên bố ""đao to búa lớn"" trong cuộc chiến chống tham nhũng có thể làm hài lòng cử tri Ukraine và các quan chức phương Tây, nhưng nó có nguy cơ đặt ra những kỳ vọng không thực tế với Kiev. Theo Daria Kaleniuk, lãnh đạo Trung tâm Hành động Chống Tham nhũng Ukraine, chìa khóa cho những nỗ lực này là cải cách tư pháp, ""nền tảng"" của chống tham nhũng. Tuy nhiên, dù bất mãn hay cảm thấy bất công thế nào, Ukraine chắc chắn không thể phớt lờ những lời phàn nàn từ phương Tây. ""Bất cứ điều gì chúng tôi làm đều không bao giờ được coi là thành công thực sự"", Stefanishyna nói. Nhưng với hàng tỷ USD viện trợ đang đổ tới Kiev, bà hiểu rằng Ukraine cần chứng minh mình đang đối phó tham nhũng hiệu quả. Vũ Hoàng (Theo Washington Post, AFP, Reuters)","Chủ nhật, 23/6/2024, 05:00 (GMT+7)",Chiến sự Nga - Ukraine Đòn tập hậu ở Kharkov Quyền đáp trả Nga của Ukraine Xe tăng mai rùa Cục diện
Cách Biden - Trump chuẩn bị cho lần đối mặt đầu tiên,"Tổng thống Biden và đối thủ Trump đều có cách riêng để chuẩn bị cho cuộc tranh luận ngày 27/6, như tham vấn trợ lý hay diễn tập trước.","Tổng thống Joe Biden và người tiền nhiệm Donald Trump sẽ có cuộc tranh luận trực tiếp đầu tiên trong mùa bầu cử năm nay vào ngày 27/6. Sự kiện do CNN tổ chức tại trường quay ở thành phố Atlanta, bang Georgia. Ứng viên độc lập Robert F. Kennedy Jr. không tham gia do không đạt tiêu chuẩn CNN đặt ra, như về tỷ lệ ủng hộ trong kết quả thăm dò trước ngày 20/6. Cuộc tranh luận sẽ kéo dài 90 phút, kèm hai quãng nghỉ giữa giờ dành cho quảng cáo. Các thành viên chiến dịch tranh cử của hai bên sẽ không được tiếp xúc với ứng viên trong quãng thời gian này. Ông Biden và ông Trump không được mang theo đạo cụ hay giấy có ghi chú sẵn lên bục. Họ sẽ được phát một cây bút, một tập giấy và chai nước. Sự kiện được CNN mô tả mang tính lịch sử, bởi đây là cuộc tranh luận đầu tiên giữa một tổng thống Mỹ đương nhiệm với người tiền nhiệm. Đây còn là cuộc tranh luận đầu tiên có sự tham gia của ông Biden hoặc ông Trump kể từ năm 2020. ""Cuộc tranh luận có thể là thời khắc mang tính quyết định trong cuộc đua vào Nhà Trắng"", CNN bình luận. Mùa bầu cử tổng thống Mỹ năm nay được định hình sớm hơn thường lệ, với hai ứng viên của đảng Dân chủ và Cộng hòa đều được rất nổi tiếng và không có đối thủ nào đáng gờm trong nội bộ. Hai ứng viên đều đang chuẩn bị theo cách riêng cho cuộc đối đầu. Ông Biden dự kiến làm việc tại Trại David, bang Maryland trong vài ngày, có thể là cả tuần để vạch chiến lược tranh luận, các nguồn thạo tin nói với NBC News. Ông Trump cũng đang âm thầm chuẩn bị, củng cố lập trường chính sách và tránh có phát ngôn khoa trương quá mức. Tổng thống Biden được cho là đến Trại David tối 20/6 và sẽ ở lại đây ít nhất đến ngày 24/6. Hầu hết thời gian sẽ được dành để chuẩn bị cho đêm tranh luận, theo các quan chức Nhà Trắng và chiến dịch tranh cử của ông Biden. CNN cho biết ông Biden đã tập hợp các trợ lý thân tín về Trại David. Đây là nơi ông chuẩn bị cho những sự kiện quan trọng, như soạn Thông điệp Liên bang hồi tháng 3. Tổng thống Mỹ và nhóm trợ lý dự kiến trao đổi các chủ đề, câu hỏi từ người dẫn chương trình và cách trả lời, mô phỏng 90 phút tranh luận. Tổng thống khả năng cao được tiếp năng lượng bởi một loại nước cam đóng chai ưa thích của ông. Nhà Trắng cũng không loại trừ khả năng Tổng thống Biden sẽ di chuyển thẳng từ Trại David đến Atlanta để tham gia tranh luận. Cựu chánh văn phòng của ông Biden, Ro Klain, đang đi đầu trong nỗ lực hỗ trợ ông chủ Nhà Trắng. Ngoài quen biết và làm việc cho ông Biden nhiều năm, Klain còn là ""huấn luyện viên tranh luận"" dày dạn kinh nghiệm nhất của phe Dân chủ, từng làm việc với các ứng viên đảng này trong gần như mọi cuộc bầu cử tổng thống suốt 30 năm qua. Chiến dịch của ông Biden dự kiến nhắm đến những bình luận trước đây của ông Trump, đã được truyền thông đưa tin nhưng chưa thu hút sự chú ý của cử tri phổ thông. Danh sách những bình luận này đang được cân nhắc cẩn thận, nhưng khả năng cao sẽ gồm tuyên bố của Trump hồi tháng 12/2023 rằng ông sẽ ""không độc tài, ngoại trừ trong ngày đầu tiên"" nếu tái đắc cử. Trong khi đó, ông Trump được cho là tìm đến sự hỗ trợ từ các ứng viên phó tổng thống tiềm năng, thượng nghị sĩ, chuyên gia chính trị và các đồng minh khác. Vài tuần gần đây, Trump tham gia hơn 10 cuộc gặp riêng, được chiến dịch tranh cử của ông mô tả là ""thảo luận chính trị"". Chủ đề trong các cuộc gặp đa dạng, từ ""mài dũa"" thông điệp của ông Trump về kinh tế, vấn đề biên giới, tội phạm đến quan điểm về phá thai, chiến sự ở Trung Đông và Ukraine cũng như cách ứng phó với phán quyết ""có tội"" ở New York. Ông Trump cũng dự định công kích ông Biden về cách ứng phó người nhập cư và kinh tế, các vấn đề được đánh giá là điểm yếu của ông chủ Nhà Trắng. ""Với những thiệt hại đã gây ra qua lạm phát, chính sách mở cửa biên giới và đối ngoại yếu kém, Tổng thống Biden cần phải mô phỏng tranh luận để tìm cách lý giải mớ hỗn loạn mà Mỹ đang phải đối mặt"", Brian Hughes, cố vấn cấp cao của ông Trump, nói. ""Ông Trump tham gia hàng loạt cuộc phỏng vấn mỗi tuần, đứng phát biểu thời gian dài tại các sự kiện vận động, thể hiện sự bền bỉ tuyệt vời"", cố vấn Jason Miller cho biết. ""Ông ấy không cần trợ lý phải 'lập trình' hay sử dụng chất hóa học như ông Biden"". Cuộc tranh luận còn là cơ hội để ông Trump và ông Biden thu hút sự ủng hộ từ cử tri còn do dự, trấn an những lo ngại về tuổi tác của hai ứng viên. Ông Biden, 81 tuổi, là tổng thống Mỹ đương nhiệm cao tuổi nhất lịch sử. Trong khi đó, ông Trump bước sang tuổi 78 hôm 14/6. Kết quả thăm dò do Reuters/Ipsos công bố tuần trước cho thấy khoảng 20% cử tri vẫn chưa lựa chọn ứng viên để bỏ phiếu. Họ đang nghiêng về phương án ứng viên độc lập hay đảng phái khác, hoặc không tham gia bỏ phiếu ngày 5/11. Rich Liebig, 35 tuổi ở bang Pennsylvania, bỏ phiếu cho ông Biden năm 2020 nhưng giờ lại lưỡng lự bởi Tổng thống đương nhiệm đã quá già. Liebig cũng không nghiêng về ông Trump do cựu tổng thống vướng nhiều bê bối pháp lý và không thích ""sự ồn ào"" quanh ứng viên Cộng hòa. Liebig, vừa mất việc, định theo dõi tranh luận để nghe thông điệp của ông Biden về kinh tế. ""Ông ấy sẽ làm gì để giải quyết lạm phát nếu đắc cử nhiệm kỳ hai?"", Liebig đặt câu hỏi, thêm rằng anh còn muốn xem sức mạnh của Tổng thống. ""Ông Biden phải thể hiện rằng mình có thể đương đầu ông Trump một lần nữa"". Hai ứng viên tổng thống đã nhất trí các quy tắc cho cuộc tranh luận. CNN ngày 20/6 tổ chức tung đồng xu để xác định vị trí bục phát biểu và ứng viên phát biểu cuối. Chiến dịch tranh cử của ông Biden thắng và chọn bục phát biểu bên phải, đồng nghĩa ông Trump sẽ là người kết thúc buổi tranh luận. Như Tâm (Theo CNN, AFP, NBC News)","Chủ nhật, 23/6/2024, 00:00 (GMT+7)",Bầu cử tổng thống Mỹ 2024 Khảo sát Tranh luận sớm Tác động của chiến sự Gaza Biến số
Nga cáo buộc UAV Mỹ 'áp sát nguy hiểm' tiêm kích Su-35,"Bộ Quốc phòng Nga cáo buộc MQ-9 Reaper của Mỹ áp sát nguy hiểm tiêm kích Su-35 ở không phận Syria, buộc phi công phải cơ động tránh va chạm.","""Khoảng 12h33 - 12h46 ngày 21/6, ba chiếc máy bay không người lái (UAV) MQ-9 Reaper, có năng lực do thám và tác chiến, đã tiếp cận nguy hiểm tiêm kích Su-35 Nga đang hoạt động bình thường trên không phận Syria, ở độ cao 7.000 - 8.000 m"", tướng Yuri Popov, phó giám đốc Trung tâm Hòa giải Các bên tham chiến tại Syria của Nga, cho biết. Bộ Quốc phòng Nga xác nhận vụ chạm mặt giữa hai lực lượng diễn ra tại tỉnh Homs, miền trung Syria, phía bắc thủ đô Damascus. Phi công Nga đã ""hành động chuyên nghiệp và có kịp thời cơ động tránh va chạm"". MQ-9 Reaper là UAV vũ trang do tập đoàn General Atomics của Mỹ chế tạo cho không quân nước này, có thể bay ở độ cao hơn 15.000 m và hoạt động liên tục trong 24 tiếng. Cơ quan Nghiên cứu Quốc hội Mỹ cho biết mỗi chiếc MQ-9 có giá xuất xưởng khoảng 30 triệu USD. Lầu Năm Góc chưa bình luận về cáo buộc từ phía Nga. Theo tướng Popov, Nga đã ghi nhận hai tiêm kích F-15, hai tiêm kích Typhoon và 6 oanh tạc cơ A-10 Thunderbolt vi phạm không phận Syria trong ngày 21/6. Các tiêm thuộc liên quân do Mỹ dẫn đầu đã có tổng cộng 12 lần đi vào vùng trời tại al-Tanf, khu vực có căn cứ quân sự Mỹ gần Jordan và Iraq. Nga triển khai lực lượng tới Syria từ năm 2015 theo đề nghị từ Tổng thống Bashar al-Assad nhằm hỗ trợ quân đội chính phủ nước này chống phiến quân Hồi giáo và các nhóm nổi dậy. Nga sau đó rút một phần lực lượng tại Syria và tiếp tục vận hành hai căn cứ quân sự tại quốc gia Trung Đông tới nay. Mỹ duy trì lượng nhỏ binh sĩ tại Syria để hỗ trợ chiến dịch chống Nhà nước Hồi giáo (IS) tự xưng và bảo vệ các cơ sở khai thác dầu mỏ, vốn do lực lượng người Kurd kiểm soát. Khoảng 700 lính Mỹ đóng ở căn cứ gần thành phố Al-Hasakah, thủ phủ tỉnh cùng tên, và 200 binh sĩ đồn trú tại căn cứ al-Tanf gần biên giới Syria - Jordan. Nga và Mỹ hồi năm 2019 thống nhất quy tắc hoạt động và duy trì đường dây nóng để tránh các sự cố ngoài ý muốn có thể làm gia tăng căng thẳng. Thanh Danh (Theo TASS)","Thứ bảy, 22/6/2024, 23:27 (GMT+7)",
'WEF và doanh nghiệp quốc tế coi trọng vai trò của Việt Nam',"Việc Thủ tướng Phạm Minh Chính được mời dự hội nghị WEF tại Trung Quốc cho thấy sự coi trọng đối với vai trò, vị thế và đóng góp của Việt Nam, theo Đại sứ Phạm Sao Mai.","Thủ tướng Phạm Minh Chính sẽ dự hội nghị thường niên các nhà tiên phong lần thứ 15 của Diễn đàn Kinh tế Thế giới (WEF) tại thành phố Đại Liên, tỉnh Liêu Ninh và làm việc tại Trung Quốc ngày 24-27/6. Đây là một trong những sự kiện quan trọng nhất ở khu vực châu Á - Thái Bình Dương, thu hút hơn 1.500 đại biểu tham dự, trong đó có Thủ tướng Trung Quốc Lý Cường và Tổng thống Ba Lan Andrzej Sebastian Duda cùng gần 100 lãnh đạo và đại diện các nước, tổ chức, doanh nghiệp quốc tế. ""Thủ tướng Phạm Minh Chính hai năm liên tiếp được mời tham dự hội nghị, thể hiện sự coi trọng và đánh giá cao của WEF cùng cộng đồng doanh nghiệp quốc tế đối với vị thế, vai trò và những đóng góp của Việt Nam trong tăng trưởng kinh tế toàn cầu và khu vực"", Đại sứ Việt Nam tại Trung Quốc Phạm Sao Mai cho biết trong nội dung phỏng vấn được Bộ Ngoại giao công bố hôm nay. Việc Thủ tướng dự sự kiện lần này được kỳ vọng mở ra cơ hội hội nhập với kinh tế thế giới và là dịp để Việt Nam giới thiệu những thành tựu phát triển kinh tế - xã hội nổi bật thời gian qua, theo Đại sứ. Điều này sẽ thể hiện hình ảnh Việt Nam năng động, tích cực hội nhập, tự tin và nhiều sức hút với các tập đoàn toàn cầu, từ đó thúc đẩy hợp tác cùng có lợi, thu hút nguồn lực phát triển. Hội nghị lần này cũng sẽ giúp Việt Nam nắm bắt những vấn đề, xu thế mới của kinh tế thế giới, cùng các bên trao đổi về tư duy phát triển, quản trị ở cấp độ quốc gia và toàn cầu. Việt Nam cũng có cơ hội đóng góp vào xử lý các vấn đề chung của thế giới như thúc đẩy tăng trưởng, phát triển các ngành công nghiệp mới, ứng phó với biến đổi khí hậu, bảo đảm an ninh lương thực. Đây cũng là dịp để Việt Nam tăng cường trao đổi, thúc đẩy quan hệ với các nước, các đối tác, các tổ chức quốc tế, nâng cao hơn nữa vị thế, uy tín của đất nước, khẳng định vai trò là thành viên tích cực, có trách nhiệm của cộng đồng quốc tế. Ngoài ra, sự tham dự của Thủ tướng và đoàn đại biểu Việt Nam sẽ tiếp tục thúc đẩy quan hệ hợp tác, đối tác với WEF theo hướng ngày càng thực chất, đẩy mạnh hợp tác với các doanh nghiệp là thành viên của WEF trên các lĩnh vực như chuyển đổi xanh, chuyển đổi số, năng lượng và khoa học - công nghệ. Chủ đề WEF Đại Liên là ""Những chân trời tăng trưởng mới"" với trọng tâm trao đổi, tìm kiếm hướng đi cho các động lực tăng trưởng mới, các ngành công nghiệp mới, phát huy vai trò của doanh nghiệp, khởi nghiệp và đổi mới sáng tạo cũng như chung tay ứng phó biến đổi khí hậu. Sự kiện diễn ra trong bối cảnh kinh tế thế giới còn nhiều khó khăn, tăng trưởng phục hồi chậm, theo Đại sứ Phạm Sao Mai. Khu vực châu Á - Thái Bình Dương tiếp tục là điểm sáng năng động trong bức tranh kinh tế thế giới, nhưng vẫn đứng trước một số rủi ro do sự phân mảnh của kinh tế thế giới, đứt gãy chuỗi cung ứng và những căng thẳng về địa chính trị, cạnh tranh nước lớn. Tại hội nghị, Thủ tướng Phạm Minh Chính sẽ có bài phát biểu đặc biệt trong phiên khai mạc toàn thể, chủ trì một số phiên thảo luận và đối thoại với các tập đoàn kinh tế lớn, các doanh nghiệp đổi mới sáng tạo về các vấn đề như cơ hội hợp tác, giải pháp mới cho các vấn đề phát triển toàn cầu và chiến lược phát triển kinh tế của Việt Nam. Thủ tướng sẽ nhấn mạnh những tiềm năng, thế mạnh của khu vực châu Á - Thái Bình Dương và vai trò trung tâm của ASEAN cũng như của Việt Nam, qua đó kêu gọi củng cố các liên kết thương mại, đầu tư, chuỗi cung ứng và giá trị toàn cầu, giúp phục hồi tăng trưởng. Việt Nam sẽ đề xuất giải pháp ở các cấp độ toàn cầu, khu vực, quốc gia và doanh nghiệp, nhấn mạnh vai trò của tư nhân và hợp tác công - tư trong thúc đẩy tăng trưởng, phục hồi kinh tế. Ngoài ra, trong các thảo luận tại WEF Đại Liên, Thủ tướng Phạm Minh Chính sẽ chia sẻ kinh nghiệm và thành quả phát triển kinh tế - xã hội của Việt Nam, từ đó kêu gọi WEF và các đối tác mở rộng kinh doanh tại Việt Nam nhằm thúc đẩy tăng trưởng xanh, chuyển đổi số, chuyển đổi năng lượng, ứng phó với biến đổi khí hậu, đầu tư phát triển và đào tạo nguồn nhân lực. Đại sứ Phạm Sao Mai cho biết chuyến công tác còn là dịp để lãnh đạo cấp
cao Việt Nam và Trung Quốc thảo luận những biện pháp cụ thể nhằm tiếp tục triển khai hiệu quả nhận thức chung đạt được giữa lãnh đạo cấp cao nhất của hai Đảng, hai nước, đẩy mạnh và nâng cao chất lượng hợp tác thực chất trên các lĩnh vực. Ông bày tỏ tin tưởng với các lợi thế, tiềm năng, nhu cầu và nền tảng hiện có, quan hệ Việt - Trung sẽ ""phát triển mạnh mẽ trong thời gian tới, vì lợi ích của nhân dân hai nước, vì hòa bình, ổn định, hợp tác và phát triển tại khu vực và trên thế giới"". Thanh Danh","Thứ bảy, 22/6/2024, 22:12 (GMT+7)",
Ai Cập trừng phạt các công ty du lịch tổ chức hành hương 'lừa đảo',Ai Cập tước giấy phép 16 hãng du lịch và truy tố quản lý của các công ty này vì giúp những người hành hương đến Mecca bất hợp pháp.,"""Thủ tướng đã ra lệnh thu hồi giấy phép của các công ty này, chuyển những người quản lý tới công tố viên và áp dụng mức phạt tiền để đền bù cho gia đình những người hành hương đã thiệt mạng vì họ"", tuyên bố từ nội các Ai Cập ngày 22/6 cho biết. Theo tuyên bố, tình trạng nhiều người Ai Cập không có giấy phép thiệt mạng khi hành hương tới thánh địa Mecca, Arab Saudi, bắt nguồn từ việc một số công ty tổ chức các chuyến hành hương bằng thị thực thăm thân, vốn không cho phép người tham gia vào Mecca. Hình phạt được đưa ra trong bối cảnh hơn 1.100 người được báo cáo đã thiệt mạng trong mùa hành hương năm nay tới ở Mecca. Nhiều nạn nhân chết do kiệt sức dưới cái nóng gay gắt. Theo thống kê từ AFP, công dân Ai Cập chiếm hơn 50% số ca tử vong trong lễ hành hương năm nay, tương đương 658 người. Một nhà ngoại giao Arab cho hay 630 trong 658 người Ai Cập thiệt mạng chưa đăng ký với giới chức Arab Saudi, đồng nghĩa họ không thể tiếp cận các tiện nghi giúp cuộc hành hương trở nên dễ chịu hơn, như lều có điều hòa giúp chống nóng khi nhiệt độ tăng vọt lên tới 51,8 độ C. Thị thực hành hương được phân bổ tới từng quốc gia theo hệ thống hạn ngạch và phân phối cho tín đồ bằng hình thức lựa chọn ngẫu nhiên. Chi phí hành hương theo diện chính thức đắt đỏ, khiến nhiều người liều lĩnh tới Mecca mà không xin giấy phép, bất chấp nguy cơ bị bắt và trục xuất. Arab Saudi cho hay đợt hành hương năm nay có 1,8 triệu người tham gia, bằng năm ngoái, trong đó 1,6 triệu là người ngoại quốc. Vũ Hoàng (Theo AFP)","Thứ bảy, 22/6/2024, 21:41 (GMT+7)",
Lãnh đạo cực hữu Anh nói phương Tây kích động xung đột Ukraine,Lãnh đạo đảng Cải cách chống nhập cư của Anh Nigel Farage đang hứng chỉ trích vì phát ngôn phương Tây khiến Nga mở chiến dịch quân sự ở Ukraine.,"""Chúng ta đã kích động cuộc xung đột này"", Farage nói trong một cuộc phỏng vấn với BBC hôm 21/6, đề cập tới chiến sự Nga - Ukraine. ""Tất nhiên, Tổng thống Nga Vladimir Putin cũng có lỗi"", ông sau đó nói thêm. Phản ứng trước phát ngôn từ Farage, Thủ tướng Anh Rishi Sunak cho hay tuyên bố của lãnh đạo phe cực hữu là ""hoàn toàn sai trái và chỉ có lợi cho Tổng thống Putin"". Farage đang tranh cử một ghế quốc hội từ khu vực Clacton ở miền đông đất nước trong cuộc tổng tuyển cử vào tháng tới. Đảng Cải cách của ông hiện đứng thứ ba sau hai đảng lớn, nhưng được dự đoán chỉ giành được một vài ghế. Bình luận của ông đang hứng chỉ trích từ các chính trị gia khác. Bộ trưởng Nội vụ James Cleverly lên án Farage vì lặp lại những lời biện minh từ Nga về chiến dịch quân sự tại Ukraine. Cựu bộ trưởng quốc phòng đảng Bảo thủ Tobias Ellwood gọi những bình luận này là ""gây sốc"". Trong khi đó, quan chức phụ trách giám sát quốc phòng thuộc Công đảng đối lập John Healey gọi những bình luận này là ""đáng hổ thẹn"", thêm rằng lập trường của Farage khiến ông ""không phù hợp với bất kỳ chức vụ chính trị nào"" tại Anh. Khi được hỏi sâu hơn về quan điểm đối với Tổng thống Putin trong cuộc phỏng vấn, Farage nói bản thân không thích ông chủ Điện Kremlin ""về mặt cá nhân"" nhưng ""ngưỡng mộ ông như một nhà điều hành chính trị"" vì đã quản lý được nước Nga. Vũ Hoàng (theo AFP)","Thứ bảy, 22/6/2024, 18:14 (GMT+7)",
EU đồng ý khởi động đối thoại kết nạp Ukraine,"Các nước EU đồng ý khởi động đàm phán kết nạp Ukraine và Moldova, bước tiến mới trong hành trình xin gia nhập của hai nước Đông Âu.","Chính phủ Bỉ, đang giữ vai trò nước chủ tịch luân phiên Liên minh châu Âu (EU), ngày 21/6 thông báo bộ trưởng các nước thành viên sẽ bắt đầu đàm phán với Ukraine về lộ trình gia nhập tổ chức trong hội nghị dự kiến diễn ra tại Luxembourg vào ngày 25/6. Đàm phán giữa các bộ trưởng EU với Moldova diễn ra sau đó, cũng tại hội nghị. Tổng thống Volodymyr Zelensky ca ngợi chuyển biến này là ""bước tiến lịch sử"" đối với người dân Ukraine trong hành trình hội nhập châu Âu. ""Hàng triệu người Ukraine, chính xác là nhiều thế hệ người dân Ukraine, đang hiện thực hóa giấc mơ châu Âu. Ukraine sẽ trở lại châu Âu, nơi chúng tôi thật sự thuộc về suốt nhiều thế kỷ, và sẽ trở thành thành viên toàn diện của cộng đồng châu Âu"", ông Zelensky viết trên mạng xã hội X. Ukraine nộp đơn xin gia nhập EU vài ngày sau khi chiến sự với Nga nổ ra cuối tháng 2/2022. Gần 4 tháng sau, EU cấp tư cách ứng viên cho Ukraine, song động thái chủ yếu mang tính biểu tượng do lộ trình đàm phán được dự báo mất nhiều năm và Kiev cần đáp ứng nhiều điều kiện về cải cách. Đến tháng 11/2023, Ủy ban châu Âu khuyến nghị EU nên khởi động đàm phán kết nạp Ukraine trong báo cáo đánh giá tiến độ cải cách ở ba nước Ukraine, Moldova và Gruzia. Chủ tịch Ủy ban châu Âu Ursula von der Leyen khi đó cho biết Ukraine vẫn cần hoàn thành một số cải cách cuối cùng trước khi ấn định ngày bắt đầu đàm phán. Đến hội nghị thượng đỉnh EU vào tháng 12/2023, các lãnh đạo châu Âu nhất trí khối cần khởi động đàm phán kết nạp Ukraine và Moldova. Đầu tháng 6 cùng năm, Ủy ban châu Âu thông báo đến các thành viên rằng hai nước Đông Âu đã thỏa mãn mọi tiêu chí để bắt đầu đàm phán kết nạp. Tuy nhiên, ngay cả khi các cuộc đàm phán bắt đầu, quá trình Ukraine gia nhập EU vẫn có thể kéo dài nhiều năm, thậm chí nhiều thập kỷ. Thổ Nhĩ Kỳ bắt đầu các cuộc đàm phán gia nhập vào năm 2005, nhưng chúng hiện đi vào ngõ cụt. Albania, Montenegro, Bắc Macedonia và Serbia cũng đang trong tình thế tương tự. EU và Ukraine sẽ cần đạt thỏa thuận đầu tiên về khung quy trình đàm phán. Giới quan sát lo ngại nỗ lực kết nạp Ukraine sẽ vấp phải cản trở từ một số nước thành viên mà nổi bật là Hungary, nước sẽ kế nhiệm ghế chủ tịch luân phiên EU vào tháng 7. Giới chức Hungary đã nhiều lần bình luận không muốn tổ chức đối thoại kết nạp Ukraine trong 6 tháng họ làm chủ tịch luân phiên EU. Thủ tướng Hungary Viktor Orban liên tục nêu lo ngại hỗ trợ từ châu Âu cho Ukraine, đặc biệt trong lĩnh vực quân sự, có thể khiến xung đột kéo dài và mở rộng. Thanh Danh (Theo AFP)","Thứ bảy, 22/6/2024, 16:08 (GMT+7)",Chiến sự Nga - Ukraine Đòn tập hậu ở Kharkov Quyền đáp trả Nga của Ukraine Xe tăng mai rùa Cục diện
'Ác mộng' nắng nóng qua lời kể của người hành hương ở Mecca,"Những người hành hương tại Mecca cho biết cái nóng như ác mộng khiến họ nhanh chóng kiệt sức, trong khi khả năng tiếp cận dịch vụ khẩn cấp lại hạn chế.","Sau nhiều năm không xin được thị thực, Yasser cuối cùng quyết định ông không còn lựa chọn nào khác ngoài việc thực hiện cuộc hành hương tới thánh địa Mecca, Arab Saudi bằng con đường bất hợp pháp, hành động mà giờ đây ông rất hối hận. Mặc dù vẫn sống sót sau những nghi lễ mệt mỏi diễn ra giữa thời tiết nắng nóng cực độ, Yasser đã không gặp vợ mình kể từ hôm 16/6 và lo ngại rằng bà là một trong hơn 1.000 trường hợp tử vong khi tham gia mùa hành hương năm nay tại Mecca. Phần lớn họ là những người Ai Cập chưa đăng ký với chính quyền sở tại như ông. ""Tôi đã tìm kiếm từng bệnh viện ở Mecca. Bà ấy không ở đó"", kỹ sư nghỉ hưu 60 tuổi nói với AFP hôm 21/6 qua điện thoại từ phòng khách sạn. ""Tôi không muốn tin bà ấy đã chết. Bởi nếu bà ấy chết, đó sẽ là dấu chấm hết cho cuộc đời bà ấy và cả của tôi nữa"". Theo thống kê từ AFP, công dân Ai Cập chiếm hơn 50% số ca tử vong trong lễ hành hương hajj năm nay, tương đương 658 trong hơn 1.000 trường hợp được ghi nhận tính đến ngày 21/6. Một nhà ngoại giao Arab cho hay 630 trong 658 người Ai Cập thiệt mạng chưa đăng ký với giới chức Arab Saudi, đồng nghĩa họ không thể tiếp cận các tiện nghi giúp cuộc hành hương trở nên dễ chịu hơn, như lều có điều hòa giúp chống nóng khi nhiệt độ tăng vọt lên tới 51,8 độ C. Một quan chức cấp cao Arab Saudi xác nhận 577 người chết trong hai ngày cao điểm của lễ hajj là 15 và 16/6, khi người hành hương tập trung hàng giờ để cầu nguyện dưới cái nắng thiêu đốt ở núi Arafat và tham gia lễ ném đá quỷ dữ ở Mina. Ông nhấn mạnh số người tử vong cao trong đợt hành hương không phải vì nước này quản lý kém, mà do nhiều tín đồ không giấy phép đã đánh giá sai mức độ rủi ro. Hajj là một trong 5 trụ cột của đạo Hồi và tất cả người Hồi giáo đều phải hoàn thành một lần trước khi chết. Arab Saudi cho hay đợt hành hương năm nay có 1,8 triệu người tham gia, bằng năm ngoái, trong đó 1,6 triệu là người ngoại quốc. Thị thực hành hương được phân bổ tới từng quốc gia theo hệ thống hạn ngạch và phân phối cho tín đồ bằng hình thức lựa chọn ngẫu nhiên. Chi phí hành hương theo diện chính thức đắt đỏ, khiến nhiều người liều lĩnh tới Mecca mà không xin giấy phép, bất chấp nguy cơ bị bắt và trục xuất. Yasser đã nhận ra những rắc rối vì hành hương trái phép ngay sau khi ông đến Arab Saudi hồi tháng 5. Ngay trước khi nghi lễ hajj bắt đầu cách đây một tuần, nhiều cửa hàng và nhà hàng đã từ chối phục vụ những du khách không xuất trình được giấy phép hợp lệ. Sau những ngày dài đi bộ và cầu nguyện dưới ánh mặt trời chói chang, Yasser không thể sử dụng dịch vụ xe buýt công, phương tiện di chuyển duy nhất quanh các thánh địa, nếu không trả những khoản ""phí ngầm"" cắt cổ. Kiệt sức vì nắng nóng, Yasser tìm đến một bệnh viện ở Mina để cầu xin giúp đỡ, nhưng tiếp tục bị từ chối vì không có giấy phép. Tồi tệ hơn, Yasser và vợ, bà Safaa, lạc mất nhau trong đám đông khi tham gia nghi lễ ném đá quỷ dữ ở Mina. Kể từ đó, Yasser đã nhiều lần hoãn chuyến bay hồi hương với hy vọng vợ sẽ trở về. ""Tôi sẽ hoãn cho đến khi tìm được bà ấy"", ông nói. Những người hành hương Ai Cập chưa đăng ký khác mà AFP phỏng vấn trong tuần qua cũng mô tả nỗi khó khăn tương tự. Họ kể về những cảnh tượng khủng khiếp dọc theo tuyến đường hành hương khi nhiệt độ tăng cao. ""Có rất nhiều xác người trên mặt đất"" ở Arafat, Mina và trên đường tới Mecca, Mohammed, 31 tuổi, người Ai Cập sống ở Arab Saudi, cho biết. Anh tham gia lễ hajj năm nay cùng người mẹ 56 tuổi. ""Tôi nhìn thấy mọi người đột nhiên đổ sập xuống và chết vì kiệt sức"", anh kể. Một phụ nữ Ai Cập sống ở thủ đô Riyadh, Arab Saudi, người có mẹ qua đời trên đường hành hương, nói rằng cô không thể gọi xe cứu thương cho mẹ mình. Xe cấp cứu chỉ đến sau khi mẹ cô qua đời, đưa thi thể đi đâu không rõ. ""Đến nay, anh em họ của tôi ở Mecca vẫn tìm kiếm thi thể của mẹ"", cô nói. ""Chẳng lẽ chúng tôi không có quyền nhìn mặt mẹ lần cuối trước khi chôn cất ư?"". Ngay cả một số người hành hương đã đăng ký cũng gặp khó khăn trong việc tiếp cận các dịch vụ khẩn cấp, theo Mustafa, người mất cả cha mẹ trong lễ hajj năm nay. Cha mẹ anh đã qua đời sau khi bị tách khỏi những người thân trẻ tuổi hơn trong gia đình giữa đám đông hỗn loạn. ""Chúng tôi biết họ rất mệt"", Mustafa cho hay. ""Họ phải đi bộ quãng đường rất dài mà không thể tìm thấy nước. Trời thì quá nóng"". Anh đã mong được chào đón cha mẹ về nhà khi họ hoàn thành cuộc hành hương, nhưng giờ đây, niềm an ủi duy nhất của Mustafa là họ đã được chôn tại thánh địa Mecca. ""Tất nhiên, chúng tôi tin vào những gì Thượng đế đã định đoạt cho họ, nhưng cả Ai Cập đều đau buồn"", anh nói, đề cập đến hơn 650 người dân nước này thiệt mạng. ""Chúng tôi sẽ không bao giờ được gặp lại họ nữa"". Vũ Hoàng (Theo AFP)","Thứ bảy, 22/6/2024, 16:02 (GMT+7)",
Thủ tướng sắp tới Trung Quốc dự hội nghị WEF,Thủ tướng Phạm Minh Chính sẽ dự hội nghị thường niên các nhà tiên phong của Diễn đàn Kinh tế Thế giới (WEF) tại Trung Quốc vào tuần sau.,"Nhận lời mời của Thủ tướng Trung Quốc Lý Cường và nhà sáng lập kiêm Chủ tịch điều hành Diễn đàn Kinh tế thế giới (WEF) Klaus Schwab, Thủ tướng Phạm Minh Chính sẽ tham dự hội nghị thường niên các nhà tiên phong lần thứ 15 của WEF tại thành phố Đại Liên, tỉnh Liêu Ninh và làm việc tại Trung Quốc ngày 24-27/6, theo thông cáo Bộ Ngoại giao. Hội nghị thường niên các nhà tiên phong do WEF phối hợp với chính phủ Trung Quốc tổ chức hàng năm, có quy mô lớn thứ hai sau hội nghị thường niên tại Davos, Thụy Sĩ. Sự kiện năm nay quy tụ hơn 1.500 lãnh đạo cấp cao từ các chính phủ, doanh nghiệp, tổ chức xã hội và quốc tế, cũng như các nhà khởi nghiệp, phát minh và học giả từ nhiều lĩnh vực nhằm thảo luận những đề xuất giải pháp cho nền kinh tế thế giới. Hội nghị năm nay có chủ đề ""Những chân trời tăng trưởng mới"", giữa bối cảnh các dự báo kinh tế mới nhất cho thấy nền kinh tế toàn cầu đang bước vào giai đoạn ""hạ cánh mềm"". Tăng trưởng kinh tế đang hồi phục, lạm phát giảm và tốc độ phát triển thần tốc của phát minh công nghệ như trí thông minh nhân tạo (AI) đang thúc đẩy mọi ngành nghề kinh tế phát triển. ""Tuy nhiên, rủi ro và căng thẳng vẫn tồn tại. Chỉ khi có sự tham gia của mọi bên liên quan và hợp tác ở mọi cấp độ phù hợp, thế giới mới có thể mở khóa những chân trời tăng trưởng mới"", WEF mô tả về chủ đề sự kiện năm nay. Thủ tướng Phạm Minh Chính vào tháng 6/2023 đã thăm chính thức Trung Quốc và tham dự hội nghị thường niên các nhà tiên phong lần thứ 14, được tổ chức tại thành phố Thiên Tân. Trong chuyến thăm, Thủ tướng đã thảo luận về những thách thức cản trở tăng trưởng kinh tế thế giới và Việt Nam, như suy giảm kinh tế toàn cầu, lạm phát gia tăng, đời sống người dân gặp nhiều khó khăn, hậu quả của Covid-19, cạnh tranh địa chiến lược, chủ nghĩa bảo hộ và các cuộc xung đột đang đe dọa an ninh lương thực, năng lượng toàn cầu. Thanh Danh","Thứ bảy, 22/6/2024, 15:05 (GMT+7)",
Phòng không Nga bị nghi bắn nhầm trực thăng đồng đội,"Trực thăng tấn công Ka-29 của hải quân Nga rơi gần thị trấn Anapa ven Biển Đen, nghi bị phòng không nước này bắn trúng vì nhầm với drone Ukraine.","Quân đội Nga ngày 21/6 thông báo bắn hạ 70 phương tiện bay không người lái (drone) Ukraine trên Biển Đen và bán đảo Crimea, 43 chiếc trên vùng Krasnodar và một ở tỉnh Volgograd. Cùng ngày, các kênh Telegram của Nga thông báo một trực thăng tấn công Ka-29 của hải quân nước này rơi gần thị trấn Anapa thuộc vùng Krasnodar. Kênh Telegram của Yegor Guzenko, phóng viên quân sự Nga, cho biết lực lượng phòng không nước này đã bắn nhầm chiếc Ka-29. ""Một tổ hợp phòng không Pantsir Nga bắn trúng chiếc trực thăng đang truy quét xuồng không người lái của Ukraine trên Biển Đen"", Guzenko nói. ""Thông tin sơ bộ cho thấy sự cố bắn nhầm là do trục trặc của hệ thống nhận diện địch - ta"". Kênh Telegram khác cho biết chiếc Ka-29 bị rơi ""trùng thời điểm trận tập kích ban đêm bằng drone và xuồng không người lái của Ukraine"", song không nêu nguyên nhân. Nếu được xác nhận, đây là lần đầu tiên Nga mất trực thăng Ka-29 sau hơn hai năm chiến sự với Ukraine. Giới chức Nga và Ukraine chưa bình luận về vụ trực thăng Ka-29 bị rơi. Fighterbomber, kênh Telegram của phi công tiêm kích Nga, cho biết Ukraine áp dụng chiến thuật mới là tập kích đồng loạt bằng drone và xuồng tự sát nhằm khiến hệ thống phòng thủ của đối phương nhầm lẫn. ""Họ buộc Nga phải huy động trực thăng để diệt xuồng tự sát, đồng thời phải dùng phòng không để hạ drone"", Fighterbomber nhận định, thêm rằng nếu các lực lượng không phối hợp tốt, sự cố bắn nhầm rất dễ xảy ra. Quân đội Ukraine ngày 21/6 thông báo tập kích các nhà máy lọc dầu Afipsky, Ilsky, Krasnodar và Astrakhan của Nga bằng drone. Một nguồn tin cho biết quân đội Ukraine phối hợp với Cơ quan An ninh Ukraine (SBU) tổ chức trận tập kích nhắm vào các cơ sở sản xuất nhiên liệu cho Hạm đội Biển Đen Nga. Veniamin Kondratyev, lãnh đạo vùng Krasnodar, cho biết một công nhân thiệt mạng trong vụ tập kích khi mảnh vỡ drone rơi trúng nhà máy lọc dầu tại địa phương. Ngoài ra, một tòa nhà văn phòng tại đây bị hư hỏng vì drone Ukraine. Trực thăng Ka-29 là biến thể của dòng Ka-27 với súng GShG-7,62 cùng 1.800 viên đạn, pháo 2A42 30 mm với 250 viên đạn, 4 giá treo mang rocket, bom, pháo và tên lửa chống tăng. Ka-29 có hai phi công và có thể chở theo 16 người. Các máy bay dòng Ka-27 có vận tốc tối đa 270 km/h, tầm hoạt động 980 km và trần bay 5.000 m. Nguyễn Tiến (Theo TWZ, Reuters)","Thứ bảy, 22/6/2024, 12:35 (GMT+7)",Chiến sự Nga - Ukraine Đòn tập hậu ở Kharkov Quyền đáp trả Nga của Ukraine Xe tăng mai rùa Cục diện
Vương phi Kate đăng ảnh gia đình vui nhộn mừng sinh nhật chồng,"Vương phi Kate đăng ảnh Thái tử William nắm tay các con nhảy cao, cười rạng rỡ, nhân dịp sinh nhật thứ 42 của chồng.","""Chúc mừng sinh nhật bố. Cả nhà yêu bố nhiều"", Vương phi Kate viết trên mạng xã hội Instagram ngày 21/6, kèm bức ảnh cô chụp Thái tử William cùng các con George, Charlotte và Louis. Trong ảnh, Thái tử William và các hoàng tử, công chúa nhí ăn mặc giản dị, cùng nắm tay nhau nhảy cao, mỉm cười rạng rỡ. Bức ảnh thu hút hơn 1,4 triệu lượt yêu thích trên Instagram. Gia đình William - Kate có truyền thống đăng ảnh vào những dịp quan trọng với gia đình như sinh nhật các thành viên, Ngày của Bố, Ngày của Mẹ và kỷ niệm ngày cưới. Trong Ngày của Bố cuối tuần trước, gia đình Thái tử Anh cũng đăng bức ảnh Vương phi Kate chụp William và các con tại bãi biển. Lần gần nhất gia đình William - Kate cùng xuất hiện trước công chúng là vào Lễ rước Quân kỳ ngày 15/6, đánh dấu lần đầu Kate tái xuất từ khi thông báo mắc ung thư. Kate là thành viên thứ hai của hoàng gia Anh được thông báo mắc ung thư, sau Vua Charles III. Vương phi Kate cuối tuần trước cho biết quá trình điều trị đang tiến triển, song sẽ kéo dài thêm vài tháng. Ngọc Ánh (Theo People/CNN/Yahoo News)","Thứ bảy, 22/6/2024, 12:14 (GMT+7)",
Những gia đình giúp Hamas che giấu con tin ở Gaza,"Nhà Al-Jama là một gia đình kiểu mẫu ở Gaza, nhưng không ai ngờ rằng họ còn có một nhiệm vụ bí mật: Giúp Hamas che giấu con tin.","Bác sĩ đa khoa 73 tuổi Ahmad Al-Jamal là một hình mẫu lý tưởng trong cộng đồng. Buổi sáng, ông làm việc tại phòng khám công ở trại tị nạn Nuseirat bên trong Dải Gaza. Đến chiều, Al-Jamal trở về phòng khám tư nhỏ, nơi người dân tìm đến để làm các thủ tục y khoa đơn giản. Ông cũng là giáo sĩ nổi tiếng tại một nhà thờ Hồi giáo địa phương, với giọng nói truyền cảm khi đọc kinh Koran. Nhưng hầu như không ai trong khu phố biết được rằng trong nhiều tháng qua, sau khi hoàn thành nhiệm vụ mỗi ngày, Al-Jamal trở về căn hộ mà ông ở chung với con trai, con dâu cùng các cháu và ba con tin Israel mà họ đang che giấu cho Hamas. Theo dân chúng địa phương, mọi người ở Nuseirat đều biết nhà Al-Jamal thân thiết với Hamas. Nhưng họ nói rằng rất ít người ở khu vực đông dân cư tại trung tâm Gaza này biết về bí mật được giấu nơi căn phòng nhỏ, tối tăm trong căn hộ của gia đình. Các con tin và lực lượng an ninh Israel cho hay những người canh giữ họ có con trai của Al-Jamal, Abdullah Al-Jamal, nhà báo 37 tuổi người Palestine. Theo lời ba con tin, từ căn phòng bị khóa, họ có thể nghe thấy Abdullah và vợ anh ta, Fatma, cùng các con nói chuyện về cuộc sống thường ngày. Tòa nhà trên đường Bisan không còn nữa. Theo người dân địa phương, đòn không kích của Israel đã phá hủy nó hồi đầu tháng, ngay sau khi đặc nhiệm Israel xông vào nhà Al-Jamal giải cứu ba con tin. Abdullah cùng vợ và cha anh ta đã thiệt mạng trong chiến dịch này, nhưng những đứa trẻ nhà Al-Jamal vẫn sống sót. Cách căn hộ của Al-Jamal vài dãy nhà, gia đình Abu Nar có liên hệ với Hamas cũng giữ Noa Argamani. Vụ bắt cóc Argamani tại lễ hội Nova bên rìa Dải Gaza ngày 7/10 năm ngoái đã được ghi lại trên một video lan truyền rộng rãi trên mạng xã hội, khiến cô trở thành nạn nhân nổi tiếng nhất trong khoảng 250 con tin bị bắt ngày hôm đó. Người dân địa phương cho biết gia đình Abu Nar cũng thiệt mạng và tòa nhà của họ bị phá hủy. Nhà Abu Nar ít nổi bật hơn trong khu dân cư so với Al-Jamal. Chiến dịch đột kích của Israel tại Nuseirat hôm 8/6 đã giải cứu thành công 4 con tin nhưng cũng khiến ít nhất 274 người Palestine thiệt mạng sau các cuộc giao tranh ác liệt, theo cơ quan y tế Dải Gaza. Quân đội Israel cho hay đặc nhiệm giải cứu con tin đã tiêu diệt các chiến binh Hamas có vũ trang canh gác, nhưng từ chối bình luận về việc liệu họ có giết chết các thành viên gia đình ở cả hai tòa nhà hay không. Một số người cho biết đống đổ nát nơi gia đình Al-Jamal từng sinh sống đã thu hút lượng lớn người hiếu kỳ đến xem nơi Hamas che giấu con tin giữa cộng đồng của họ. Chiến dịch giải cứu ngày 8/6 đi kèm với các cuộc không kích dữ dội và biến thành một trận giao tranh ác liệt giữa binh sĩ Israel và Hamas trên đường phố. Kể từ đó, người dân địa phương bắt đầu nói nhiều hơn về việc Hamas giữ con tin giữa khu dân cư gần một khu chợ sầm uất. Một số người nói họ rất ngạc nhiên trước phát hiện này vì rất khó giữ bí mật trong khu dân cư đông đúc. Họ cho biết ngay cả tiếng ho cũng có thể vang vọng qua những bức tường của các tòa nhà chung cư bằng bê tông và gạch vụn.","Thứ bảy, 22/6/2024, 12:09 (GMT+7)",Chiến sự Hamas - Israel Áp lực Giải cứu con tin Kịch bản ICC phát lệnh bắt Thương vong
Bom lượn ba tấn Nga có thể đã thực chiến ở Ukraine,Nga dường như đã triển khai bom FAB-3000 nặng ba tấn gắn bộ dẫn đường UMPK để phá hủy một tòa nhà tại tỉnh Kharkov.,Vũ Anh (Theo Zvezda),"Thứ bảy, 22/6/2024, 11:11 (GMT+7)",
Hàn Quốc triệu Đại sứ Nga vì thỏa thuận với Triều Tiên,Bộ Ngoại giao Hàn Quốc triệu Đại sứ Nga để phản đối việc Moskva - Bình Nhưỡng ký hiệp ước tuần này.,"Bộ Ngoại giao Hàn Quốc ngày 21/6 cho biết Thứ trưởng Kim Hong-kyun đã truyền đạt tới Đại sứ Nga tại Seoul Georgy Zinoviev lập trường của Hàn Quốc đối với hiệp ước được ký kết giữa Moskva và Bình Nhưỡng tuần này. Thứ trưởng Kim nói rằng sự hỗ trợ của Nga dành cho Triều Tiên sẽ gây tổn hại an ninh quốc gia Hàn Quốc, đồng thời tác động tiêu cực tới quan hệ giữa Seoul và Moskva. Ông Kim cũng kêu gọi phía Nga ""hành động có trách nhiệm"". Đại sứ quán Nga tại Seoul dẫn lời ông Zinoviev cho biết những nỗ lực nhằm đe dọa Moskva là không thể chấp nhận được. ""Đại sứ nói rõ sự hợp tác giữa Nga và Triều Tiên không nhắm tới nước thứ ba"", đại sứ quán Nga tại Hàn Quốc đăng trên mạng xã hội X. Sau cuộc hội đàm tại Bình Nhưỡng ngày 19/6, Tổng thống Nga Vladimir Putin và lãnh đạo Triều Tiên Kim Jong-un ký hiệp ước Đối tác Chiến lược Toàn diện, với điều khoản về phòng thủ chung. Ông Putin cho biết hiệp ước có điều khoản về hai nước ""hỗ trợ lẫn nhau nếu xảy ra hành vi gây hấn chống lại một bên ký thỏa thuận"". Ông khẳng định thỏa thuận mang ""tính chất phòng thủ và hòa bình"", nhưng cho hay Nga ""không loại trừ hợp tác kỹ thuật - quân sự với Triều Tiên liên quan đến hiệp ước được ký"". Bộ Ngoại giao Hàn Quốc ngày 21/6 ra tuyên bố cho biết Ngoại trưởng Cho Tae-yul và người đồng cấp Mỹ Antony Blinken đã lên án hiệp ước giữa Nga và Triều Tiên là ""mối đe dọa nghiêm trọng tới hòa bình, ổn định khu vực"". Ngoại trưởng Hàn Quốc cũng điện đàm với người đồng cấp Nhật Bản Yoko Kamikawa và cả hai đều bày tỏ quan ngại sâu sắc về hiệp ước. Cố vấn An ninh Quốc gia Hàn Quốc Chang Ho-jin hôm 20/6 cho biết Seoul sẽ cân nhắc khả năng cung cấp vũ khí cho Ukraine như động thái đáp trả hiệp ước giữa Moskva và Bình Nhưỡng. Ngọc Ánh (Theo Reuters)","Thứ bảy, 22/6/2024, 10:57 (GMT+7)",
Trường mẫu giáo tư thục Trung Quốc chật vật sinh tồn,"Hàng loạt trường mẫu giáo Trung Quốc đang cạnh tranh khốc liệt, tìm cách tăng tuyển sinh trong bối cảnh áp lực tài chính lớn, tỷ lệ sinh thấp.","Sau hơn 10 năm làm giáo viên trường mẫu giáo tư thục, thay vì tập trung vào dạy trẻ, Lin Xiao, 32 tuổi, bù đầu với hàng loạt công việc không liên quan đến chuyên môn sư phạm, như chụp ảnh hoạt động của trường, phát tờ rơi tuyển sinh tại các khu dân cư. Trong bối cảnh lượng học sinh giảm 60% so với hai năm trước và các trường lân cận đã phải đóng cửa, công việc hàng ngày của Lin giống một cuộc chiến tuyệt vọng giúp trường trụ vững. Mỗi học sinh mới nhập học có thể mang đến khoản tiền đủ để chi trả hai tháng lương cho giáo viên. ""Tôi hầu như không dành nổi 15 phút mỗi ngày để tương tác trực tiếp với học sinh"", Lin, giáo viên mầm non tại Quảng Châu, miền nam Trung Quốc, nói. Trên khắp Trung Quốc, hàng loạt trường mẫu giáo, đặc biệt là các trường tư thục, đang phải vật lộn trước tình trạng thiếu học sinh mới, trong bối cảnh tỷ lệ sinh giảm. Khó khăn với trường tư càng trầm trọng khi chính phủ mở rộng, tăng chất lượng trường mẫu giáo công, làm tăng cạnh tranh giữa hai khu vực công lập - tư thục. Trong hai năm gần đây, Trung Quốc ghi nhận gần 21.000 trường mẫu giáo phải đóng cửa trên toàn quốc, chủ yếu do khó khăn tài chính, theo dữ liệu của Bộ Giáo dục. 15.000 trường phải đóng cửa chỉ trong năm ngoái. Tình trạng nghiêm trọng nhất được ghi nhận ở các tỉnh đông bắc như Liêu Ninh, Cát Lâm, Hắc Long Giang. Giới quan sát lo ngại làn sóng trường mẫu giáo đóng cửa có nguy cơ lan sang các khu vực khác và có thể sớm ảnh hưởng đến cấp tiểu học, trung học cơ sở. Các giáo viên cho biết mẫu giáo tư thục dễ bị tổn thương do kỳ vọng ngày càng tăng về chất lượng giảng dạy và cơ sở vật chất, do trường mẫu giáo công lập ngày càng dễ tiếp cận hơn. Điều này xuất phát từ sáng kiến ""5080"" của chính phủ Trung Quốc năm 2018, trong đó quy định 80% trẻ 3-6 tuổi phải được học tại các trường mẫu giáo công lập hoặc trường giá cả phải chăng vào năm 2020. Sau khi sáng kiến 5080 được phát động, số lượng trường mẫu giáo công lập ở Trung Quốc năm 2021 tăng 150% so với 10 năm trước, hơn 1/2 học sinh mẫu giáo Trung Quốc hiện học tại các cơ sở công lập. Ở Trung Quốc, trường mẫu giáo công do nhà nước vận hành và cung cấp dịch vụ giáo dục chuẩn hóa với mức học phí phải chăng. Trong khi đó, các trường tư có học phí cao hơn, cung cấp các chương trình ""cao cấp"" chủ yếu nhắm vào những gia đình giàu có. Việc mở thêm trường công theo sáng kiến 5080 được tiến hành trên khắp Trung Quốc, nhằm cải thiện tình trạng các trường công quá tải và có quá ít giáo viên. ""Nhưng nhiều địa phương nhanh chóng áp dụng sáng kiến mà không nghiên cứu kỹ lưỡng về nhu cầu nhân khẩu học trong khu vực"", Wang Haiying, giám đốc Trung tâm Nghiên cứu Mầm non tại Đại học Nam Kinh, giải thích. Sun, làm giáo viên mẫu giáo từ đầu những năm 2000, chứng kiến trường mẫu giáo tư thục nơi bà dạy ở Phật Sơn chỉ tiếp nhận khoảng 30 trẻ đăng ký nhập học năm ngoái. Trường của Sun từng là nơi có học phí cao nhất khu vực, nhưng hiện chỉ hoạt động với 40% công suất. Trước năm 2019, bà làm việc trong một nhóm giáo dục quản lý hơn 20 trường mẫu giáo, nhưng hơn 1/2 số này đã phải đóng cửa. Trước tình trạng này, một số trường mẫu giáo tư đã phải chuyển thành viện dưỡng lão. Hàng loạt giáo viên trụ lại phải làm thêm nhiều việc, từ làm nhân viên xã hội cho đến livestream bán hàng. Giáo viên mầm non trên khắp các tỉnh cũng cho biết ngày làm việc của họ hiện dài hơn bình thường khi phải hối hả giúp trường tăng tuyển sinh. Nhiều người phải đi phát tờ rơi, lập quầy thông tin trong các khu dân cư, liên tục quảng bá trường trên mạng xã hội. Đối với Lin ở Quảng Châu, áp lực ngày càng tăng khi nhà trường ra chính sách thưởng 69 USD cho giáo viên giới thiệu được một học sinh tới lớp. Ban giám hiệu cũng yêu cầu giáo viên chú ý nhiều hơn tới các phụ huynh có hai con trở lên tại trường. ""Tôi thấy mình giống nhân viên bán hàng hơn là giáo viên"", Lin thừa nhận. Tại thành phố Tây An, Lei, hiệu trưởng một trường mẫu giáo tư thục, thừa nhận tuyển sinh là ""một cuộc chiến"" và là ưu tiên hàng đầu. Áp lực thu hút học sinh mới cũng tồn tại ngay cả ở trường công lập. Qian You, giáo viên mẫu giáo công lập 41 tuổi ở Ninh Ba, phía đông tỉnh Chiết Giang, nhận xét các trường công như nơi cô công tác tương đối ổn định, không thiếu học sinh. Nhưng gần đây, hiệu trưởng cũng cử nhân viên đến các khu dân cư để quảng bá về trường. Để cạnh tranh, một số trường còn lập các đội bán hàng chuyên nghiệp, số khác lôi kéo phụ huynh bằng dịch vụ nhà trẻ miễn phí hoặc dạy kèm tại nhà. Theo khảo sát của Hiệp hội Giáo dục Phi chính phủ, 57% trường mẫu giáo ở Trung Quốc triển khai các lớp nhà trẻ dành cho bé dưới 3 tuổi. 85% số trường tham gia khảo sát là mẫu giáo tư thục. ""Khi bật chế độ sinh tồn, một xu cũng có giá trị"", Sun, dạy mẫu giáo ở Phật Sơn, nói. Bà cũng kỳ vọng về tiềm năng của hướng đi này, trong bối cảnh ngày càng nhiều phụ huynh Trung Quốc chịu áp lực công việc cao tìm phương án chăm sóc con toàn diện hơn. Dù vậy, Hiệp hội Giáo dục Phi chính phủ Trung Quốc cho biết 58% trường mẫu giáo có lớp nhà trẻ đang thua lỗ, chỉ 15% có lợi nhuận. Khảo sát của Hiệp hội nhấn mạnh chi phí vận hành, marketing cao là nguyên nhân. Mở các lớp mới đòi hỏi ban giám hiệu tuyển thêm giáo viên hoặc đào tạo bồi dưỡng cho đội ngũ hiện tại. ""Từng nhóm tuổi có các yêu cầu riêng biệt đối với việc dạy trẻ"", Xu, nhà quản lý giáo dục ở Thượng Hải, cho biết. Giám đốc Wang cũng chỉ ra các lớp nhà trẻ vẫn chưa thu hút nhiều chú ý, chỉ ra phụ huynh còn ngần ngại, cân nhắc gửi con đi học khi còn quá nhỏ. Trong khi đó, Lei, hiệu trưởng trường tư thục ở Tây An đang lo lắng khi cảnh sát gần đây thông báo số ca sinh ở địa phương chỉ bằng khoảng 30% so với năm 2019. Trong nỗ lực trụ vững trước làn sóng đóng cửa, trường của ông đang cải tạo lớp học, bồi dưỡng nghiệp vụ cho giáo viên. ""Trong tương lai, sẽ chỉ có hai loại hình mẫu giáo là trường công và tư thục cao cấp"", ông nói. Đức Trung (Theo Sixth Tone)","Thứ bảy, 22/6/2024, 10:43 (GMT+7)",
Arab Saudi tuyên bố không có lỗi về hơn 1.000 người chết ở Mecca,"Arab Saudi giải thích số người tử vong cao trong đợt hành hương không phải vì nước này quản lý kém, mà là do nhiều tín đồ không giấy phép đã đánh giá sai mức độ rủi ro.","Theo thống kê do AFP tổng hợp từ tuyên bố và báo cáo của quan chức các nước, số người chết trong mùa hành hương năm nay ở Mecca tính đến 21/6 là 1.126 người, trong đó một nửa là người Ai Cập. Một quan chức cấp cao của Arab Saudi ngày 21/6 xác nhận 577 người chết trong hai ngày cao điểm của lễ hajj là 15 và 16/6, khi người hành hương tập trung hàng giờ để cầu nguyện dưới cái nắng thiêu đốt ở núi Arafat và tham gia lễ ném đá ma quỷ ở Mina. ""Hai sự kiện diễn ra trong nhiệt độ khắc nghiệt"", quan chức này nói, thừa nhận 577 người chết chỉ là một phần, không phải toàn bộ số người tử vong trong lễ hajj kết thúc vào 19/6. ""Arab Saudi không sai, nhưng một bộ phận người hành hương đã sai lầm bởi không đánh giá hết rủi ro"". Hajj là một trong 5 trụ cột của đạo Hồi và tất cả người Hồi giáo đều phải hoàn thành một lần trước khi chết. Arab Saudi cho hay năm nay có 1,8 triệu người tham gia, bằng năm ngoái, trong đó 1,6 triệu là người ngoại quốc. Giấy phép hành hương được phân bổ tới từng quốc gia theo hệ thống hạn ngạch và phân phối cho tín đồ bằng hình thức lựa chọn ngẫu nhiên. Chi phí hành hương theo diện chính thức đắt đỏ, khiến nhiều người liều lĩnh tới Mecca mà không xin giấy phép, bất chấp nguy cơ bị bắt và trục xuất. Tuyến đường phi chính thức tới Mecca giúp tiết kiệm hàng nghìn USD bắt đầu được nhiều người biết tới từ năm 2019, khi Arab Saudi đưa ra thị thực du lịch phổ thông khiến việc nhập cảnh vào Arab Saudi dễ dàng hơn. Trước mùa lễ hành hương bắt đầu từ 14/6 năm nay, giới chức Arab Saudi đã giải tán hơn 300.000 người không có giấy phép ở Mecca. Tuy nhiên, quan chức Arab Saudi cho hay ""phía trên ra lệnh cho chúng tôi để những người đã tới được cổng thánh địa vào trong tham gia các nghi lễ"". ""Chúng tôi ước tính con số tín đồ không có giấy phép khoảng 400.000, đa số đến từ một quốc gia"", ông nói, ám chỉ Ai Cập. Ai Cập ghi nhận 658 người chết ở Mecca, trong đó 630 người không có giấy phép. Phát ngôn viên Bộ Ngoại giao Mỹ ngày 21/6 cho biết ""có nhiều công dân Mỹ tại Arab Saudi tử vong nhưng không thể cung cấp thêm chi tiết"". Lễ hajj được xác định theo âm lịch của đạo Hồi, năm nay rơi vào mùa hè giữa cái nóng thiêu đốt ở Arab Saudi. Trung tâm Khí tượng Quốc gia Arab Saudi cho hay nhiệt độ ở Đại thánh đường tại Mecca ngày 17/6 là 51,8 độ C. Những người hành hương không có giấy phép không được sử dụng các dịch vụ hỗ trợ như lều tránh nắng có điều hòa không khí hay xe buýt. Một số người Ai Cập không có giấy phép cho biết khó gọi xe cứu thương hoặc khó tìm phương tiện đưa người thân tới bệnh viện, dẫn tới những ca tử vong. Họ phàn nàn rằng không thể sử dụng xe buýt hajj, loại phương tiện duy nhất hỗ trợ đi lại cho người hành hương tới các địa điểm bên trong thánh địa vì phải trả khoản phí rất đắt đỏ. Ho phải đi bộ hàng km dưới ánh nắng chói chang, nhiều người gục gã vì kiệt sức. Quan chức Arab Saudi cho hay không có lệnh cấm người không có giấy phép sử dụng xe buýt. ""Không có lệnh cấm, nhưng xe buýt được chuẩn bị để phục vụ người có giấy đăng ký mà chúng tôi đã dự tính"", ông nói. Những người không có giấy phép ""đi bộ dọc tuyến xe buýt không có điểm bán thức ăn hay dịch vụ y tế như xe cứu thương. Đó là tuyến đường cao tốc dành cho xe buýt"". Hồng Hạnh (Theo AFP)","Thứ bảy, 22/6/2024, 10:20 (GMT+7)",
Thủ tướng Hungary: Đánh bại Nga ở Ukraine là vô vọng,"Thủ tướng Hungary Orban cho rằng phương Tây muốn đánh bại Nga ở Ukraine, nhưng kế hoạch này ""vô vọng"" và sẽ phải trả giá đắt.","""Tình hình có vẻ như phương Tây muốn đánh bại Nga với sự hỗ trợ từ Đức và sự lãnh đạo của Mỹ. Tôi nghĩ điều đó thật vô vọng"", Thủ tướng Hungary Viktor Orban trả lời đài phát thanh Kossuth hôm 21/6. ""Ngay cả khi thành công, viễn cảnh vốn hoàn toàn không thực tế chút nào, chúng ta vẫn phải trả một cái giá đắt không đáng"". Thủ tướng Hungary cho rằng Nga chịu trách nhiệm về việc khiến xung đột bùng phát ở Ukraine, nhưng nhấn mạnh nguyên nhân chính là ý định gia nhập NATO của Kiev. ""Rốt cuộc, câu hỏi đặt ra là Ukraine có trở thành thành viên NATO hay không. Trọng tâm của cuộc chiến này là Sevastopol ở Crimea, nơi sẽ treo cờ NATO hoặc cờ Nga ở cửa ngõ Biển Đen. Người Nga nói rằng quốc kỳ của họ đang tung bay tại đó và họ không muốn đổi thành cờ NATO, cũng không muốn ở cạnh các nước NATO"", ông Orban nói. Sevastopol là thành phố quan trọng ở bán đảo Crimea, nơi có tổng hành dinh Hạm đội Biển Đen của Nga. Ông Orban được xem là lãnh đạo có lập trường thân thiện với Nga nhất trong các thành viên NATO. Chính trị gia 61 tuổi đã nhiều lần kêu gọi thành viên liên minh hạn chế can thiệp vào cuộc chiến tại Ukraine, ủng hộ thúc đẩy Kiev và Moskva đàm phán thay vì viện trợ vũ khí cho Ukraine và kéo dài xung đột. Ông cũng phản đối Ukraine gia nhập liên minh quân sự này. Trong cuộc phỏng vấn, ông Orban tiếp tục khẳng định Hungary sẽ không tham gia sứ mệnh quân sự của NATO ở Ukraine. ""Tôi và Tổng thư ký NATO đã thống nhất điều đó, Hungary cũng sẽ không viện trợ tài chính cho Ukraine. Bây giờ chỉ có cựu tổng thống Mỹ Donald Trump mới có thể dừng cuộc chiến"", Thủ tướng Hungary cho hay. ""Không chỉ Tổng thư ký sắp mãn nhiệm mà còn cả người sắp nhậm chức, không ai ở NATO được gây áp lực với Hungary"". Thủ tướng Orban cũng được biết đến là một trong những người ủng hộ ông Trump nhiệt thành nhất ở châu Âu và thậm chí còn mượn khẩu hiệu ""Đưa nước Mỹ vĩ đại trở lại"" của cựu tổng thống Mỹ. Đảng Fidesz cầm quyền của ông Orban tuần này công bố Hungary sẽ đảm nhiệm vai trò chủ tịch Liên minh châu Âu sắp tới với phương châm ""Đưa châu Âu vĩ đại trở lại"". Huyền Lê (Theo TASS, Newsweek)","Thứ bảy, 22/6/2024, 09:46 (GMT+7)",
Gia đình võ sư khống chế kẻ quấy rối tình dục,"MỹNghe thấy tiếng cầu cứu của người phụ nữ bị tấn công tình dục, gia đình võ sư Simon An ở Houston từ võ đường lao ra can thiệp.","Simon An, võ sư taekwondo, hôm 18/6 vừa bắt đầu các lớp võ buổi tối thì nghe tiếng hét thất thanh từ tòa nhà một cửa hàng điện thoại lân cận. ""Ban đầu, chúng tôi tưởng là các tiếng nhân viên đùa giỡn, nhưng rồi phải đến xem có chuyện gì bởi tiếng hét dần trở nên chói tai như phim kinh dị"", NBC News ngày 21/6 dẫn lời Simon, người điều hành võ đường taekwondo Yong-in cùng gia đình ở Katy, ngoại ô Houston, bang Texas, Mỹ. Khi bước vào cửa hàng điện thoại, họ phát hiện một gã đang đè lên người và tấn công tình dục một phụ nữ, trong khi cô này cố gắng chống trả. Ông Hong, bố Simon, túm áo, quật kẻ quấy rối xuống sàn. Simon và anh trai cũng lao đến, trong khi Hannah, chị gái Simon, đỡ cô gái dậy và đưa ra khỏi phòng. ""Sự việc xảy ra rất đột ngột"", Simon, người đã 16 năm tập taekwondo, kể lại, cho biết kẻ quấy rối đã cố gắng cào, cắn hòng bỏ chạy nhưng không thể thoát khỏi tay ông Hong. Cả 5 người trong gia đình đều đạt tứ đẳng huyền đai taekwondo. Ông Hong khống chế kẻ quấy rối trong 10 phút cho đến khi cảnh sát có mặt. ""Bố tôi rất khỏe. Ông ấy biết có hai con trai ở đằng sau. Bố rất tin tưởng chúng tôi"", Simon nói. Cảnh sát khu vực vinh danh Simon và gia đình, cho biết hành động can thiệp của các võ sư đã cứu cô gái trẻ khỏi bị cưỡng bức. Nghi phạm 19 tuổi đang bị truy tố tội tấn công tình dục, giữ người trái phép. Gia đình Simon cho biết đây là lần đầu tiên họ dùng taekwondo bên ngoài võ đường, khẳng định đó không phải hành động anh hùng, mà đơn giản là ""làm điều đúng đắn"". ""Cảm ơn võ đường Yong-in vì hành động nhanh chóng. Bằng nhiều năm kỷ luật, rèn luyện, họ đã ngăn chặn được cuộc tấn công"", cảnh sát trưởng Ed Gonzalez cho biết trong bài đăng trên X. Đức Trung (Theo NBC News)","Thứ bảy, 22/6/2024, 09:18 (GMT+7)",
Khoảnh khắc tên lửa Iskander tập kích tổ hợp HIMARS Ukraine,"Nga công bố video UAV phát hiện và theo dõi khẩu đội HIMARS Ukraine vừa khai hỏa, chỉ điểm cho tên lửa đạn đạo Iskander tập kích mục tiêu.","Truyền thông Nga hôm 20/6 công bố video từ máy bay không người lái (UAV) trinh sát tầm cao, cho thấy xe phóng đạn của tổ hợp pháo phản lực HIMARS Ukraine bị phát hiện khi khai hỏa trên cánh đồng gần làng Khotimlya thuộc tỉnh Kharkov, cách biên giới Nga hơn 30 km. Xe hộ tống và xe phóng HIMARS sau đó di chuyển tới điểm trú ẩn trong rừng, trước khi vụ nổ lớn bùng lên ở bên cạnh và tạo ra cột khói lớn bốc lên cao. Không có dấu hiệu nổ thứ cấp, dường như do bệ phóng HIMARS đã bắn hết cơ số đạn từ trước, nhưng sức ép và mảnh văng từ đầu đạn Iskander nhiều khả năng đã gây hư hại nặng hoặc phá hủy hoàn toàn mục tiêu. ""Tên lửa chiến thuật Iskander đã tập kích khẩu đội HIMARS ngay sau khi nó vào nơi ẩn nấp. Đòn đánh xóa sổ xe bệ phóng, cùng phương tiện hộ tống và lực lượng vận hành chúng"", tài khoản The_Wrong_Side chuyên đăng tư liệu về các đòn tập kích của Nga tại Ukraine cho hay. Bộ Quốc phòng Nga và quân đội Ukraine chưa bình luận về thông tin. Truyền thông phương Tây cho biết Ukraine sở hữu 39 xe phóng đạn HIMARS, trong đó ít nhất 3 pháo đã bị phá hủy hoàn toàn, hai tổ hợp hư hỏng và phải chuyển về Mỹ để sửa chữa trước khi Nga phát động chiến dịch tại tỉnh Kharkov hồi tháng 5. Một số chuyên gia phương Tây nhận định pháo HIMARS hiện không đủ để Ukraine cân bằng hỏa lực với pháo binh đối phương. Lực lượng Nga dường như đã thích nghi với đòn tập kích của HIMARS, cũng như tìm phương án gây nhiễu để giảm hiệu quả của đạn rocket phóng từ tổ hợp này. Nga gần đây liên tiếp thực hiện các đòn tấn công có UAV chỉ điểm ở khoảng cách xa chưa từng thấy kể từ đầu chiến sự. Moskva cũng nhiều lần phá hủy những khí tài quý giá nhất của Kiev như bệ phóng tên lửa phòng không Patriot, NASAMS và S-300, pháo phản lực HIMARS và biên đội trực thăng vũ trang Mi-8/17 vừa hạ cánh. Giới chuyên gia quân sự phương Tây cho rằng điều này thể hiện Nga đang rút ngắn ""chuỗi tiêu diệt"", giúp công kích mục tiêu nhanh, chính xác và xa hơn nhiều so với trước, đồng thời vô hiệu hóa một trong những ưu thế then chốt của Ukraine là khả năng di chuyển tự do gần tiền tuyến mà không sợ hứng đòn tập kích của đối phương. Vũ Anh (Theo RT)","Thứ bảy, 22/6/2024, 09:13 (GMT+7)",Chiến sự Nga - Ukraine Đòn tập hậu ở Kharkov Quyền đáp trả Nga của Ukraine Xe tăng mai rùa Cục diện
Kỳ thi tuyển sinh ngành y châm ngòi lửa giận ở Ấn Độ,"Kỳ thi xét tuyển đại học ngành y ở Ấn Độ làm dấy lên phẫn nộ vì nghi có gian lận, khi hàng nghìn thí sinh điểm cao bất thường.","Kỳ thi tuyển sinh đại học y quốc gia (NEET-UG) là cánh cổng để theo đuổi ngành y tại Ấn Độ. NEET gồm 720 câu hỏi, chia đều 4 lĩnh vực vật lý, hóa học, động vật học và thực vật học. Các trường cao đẳng, đại học y sẽ xét tuyển dựa trên điểm số của thí sinh trong NEET. Kỳ thi do Cục khảo thí quốc gia Ấn Độ (NTA) tổ chức, ghi nhận hàng triệu thí sinh từ 17 tuổi dự thi mỗi năm. Năm nay, 2,4 triệu thí sinh tham gia NEET cạnh tranh 110.000 chỉ tiêu, trong số này, 55.000-60.000 là của các trường công. Các thí sinh đều hướng tới trường công vì lý do tài chính. Chương trình Cử nhân Y khoa và Cử nhân Phẫu thuật (MBBS) 5 năm ở trường công tốn từ 500.000 đến một triệu rupee (5.992-11.984 USD), trong khi đó, học phí trường tư có thể cao hơn 10 lần. NEET năm nay diễn ra ngày 5/5, kết quả công bố ngày 4/6. Kỳ thi gây chú ý vì hàng loạt cáo buộc, từ sai sót trong đề thi và chấm điểm sai cho đến lộ đề, gian lận. Hàng loạt thí sinh và phụ huynh đã yêu cầu NTA tổ chức lại kỳ thi, hàng chục đơn kiến nghị đã được nộp lên các tòa án ở Ấn Độ. NTA bác cáo buộc lộ đề. Bộ trưởng Giáo dục Ấn Độ Dharmendra Pradhan ngày 16/6 thừa nhận đã phát hiện ""có sai phạm"" tại một số trung tâm khảo thí. Ông Pradhan tuyên bố sẽ không bỏ qua cho bất cứ ai, kể cả quan chức NTA. Tòa án Tối cao Ấn Độ ngày 18/6 phán quyết ""dù chỉ có 0,0001% sơ suất liên quan bất kỳ ai, NTA vẫn phải giải quyết thỏa đáng vấn đề"". ""NTA cần có lập trường rõ ràng. Nếu có sai phạm thì thừa nhận và thông báo giải quyết. Ít nhất việc này sẽ giúp tạo niềm tin vào NTA"", thẩm phán S. V. Bhatti nói với đại diện NTA. Tại Ấn Độ, theo học ngành y hoặc kỹ sư là ước mơ của hàng chục triệu thí sinh mỗi năm. Đây là các nghề được tôn trọng và có thể có thu nhập ổn định, lâu dài ở quốc gia đang đối mặt khủng hoảng việc làm. Kết quả thi công bố ngày 4/6 cho thấy 67 thí sinh đạt điểm tối đa 720, số lượng nhiều chưa từng thấy. Kể từ năm 2016, khi NEET trở thành kỳ thi đầu vào chính thức của các trường cao đẳng, đại học y Ấn Độ, mỗi năm chỉ có từ một đến ba thí sinh đạt điểm tối đa, thậm chí không có ai. Số lượng thí sinh đạt điểm cao 650-680 năm nay cũng tăng đáng kể, khiến sự cạnh tranh vào trường y nhóm đầu của Ấn Độ càng gay gắt. Kết quả bất thường khiến các phụ huynh và thí sinh lo ngại. Họ cho rằng có bất thường trong khâu tổ chức thi và chấm điểm, kêu gọi giới chức Ấn Độ điều tra. NTA bác bỏ, cho rằng ""tính toàn vẹn của cuộc thi không bị ảnh hưởng"" và ""số điểm cao nhiều hơn do lượng thí sinh tham gia thi tăng"". NTA cũng thông báo 1.563 thí sinh được bù điểm do ""bị thiệt về thời gian"" ở các trung tâm khảo thí và một câu hỏi vật lý có hai đáp án đúng. Đáng chú ý, 50 trong số 67 thí sinh đạt điểm tối đa nhờ điểm bù này. Tòa án Tối cao Ấn Độ ngày 13/6 hủy quyết định bù điểm, sau khi một số sinh viên đệ đơn cho rằng quyết định của NTA là ""tùy tiện và bất công"". Tòa yêu cầu những thí sinh được bù điểm phải thi lại, dự kiến vào ngày 23/6 với kết quả được công bố một tuần sau đó. Tuy nhiên, những người biểu tình cho rằng phán quyết của Tòa án Tối cao chưa giải quyết được vấn đề họ nêu ra, như các cáo buộc lộ đề, gian lận và tham nhũng có hệ thống. Surbhi Sharma, 23 tuổi, năm nay tham gia NEET lần thứ 5 và được 650 điểm. Cô cho rằng lộ đề, tình trạng phổ biến ở Ấn Độ, là nguyên nhân dẫn đến sự biến động điểm số. Sharma lưu ý lượng thí sinh đạt điểm cao 650-680 tăng đáng kể, trong khi tỷ lệ đạt điểm khá 610-640 không tăng nhiều như vậy ""NTA lý giải nhiều thí sinh đạt điểm cao vì đề thi năm nay dễ hơn. Nhưng nếu đúng như vậy thì tất cả đều phải có kết quả tốt hơn, thay vì chỉ một nhóm nhất định"", Sharma lập luận. Tiến sĩ Vivek Pandey, nhà vận động hỗ trợ thí sinh khiếu nại, ủng hộ quan điểm của Sharma. Ông đã giúp 10 thí sinh đệ đơn lên Tòa án Tối cao, đề nghị được thi lại NEET vì cho rằng đề thi tại các trung tâm khảo thí ở Patna, thủ phủ bang Bihar, đã bị lộ. Cảnh sát Bihar mở cuộc điều tra ngay sau khi NEET diễn ra. Ngày 10/5, cảnh sát Bihar thông báo bắt 13 người, trong đó có 4 sinh viên, liên quan một vụ rò rỉ tài liệu. Ngày 15/6, cảnh sát tiếp tục gửi thông báo đến 9 thí sinh, đề nghị họ hợp tác điều tra. Sĩ quan Manavjit Singh Dhillon nói 13 nghi phạm bị cáo buộc tuồn đề thi cho 30 thí sinh một ngày trước khi NEET diễn ra, thu về hàng trăm nghìn rupee. Trong quá trình điều tra, cảnh sát còn thu thập được các tờ séc cùng tài liệu bị đốt cháy một phần. Họ đang đề nghị NTA cung cấp đề thi để đối chiếu. Ngoài nghi vấn lộ đề, NEET năm nay còn bị cáo buộc có gian lận. Cảnh sát đã bắt ba người ở Delhi và 6 người ở bang Rajasthan nghi thi hộ NEET. Tại bang Gujarat, cảnh sát bắt 5 người nghi tham gia kế hoạch gian lận ở trung tâm khảo thí thành phố Godhra. Phe đối lập chỉ trích liên minh cầm quyền do đảng Bharatiya Janata (BJP) dẫn dắt đã ""phản bội giấc mơ"" của hàng triệu thí sinh. Lãnh đạo đảng đối lập Quốc đại Ấn Độ (INC) Mallikarjun Kharge đã đặt câu hỏi về sự im lặng của Thủ tướng Narendra Modi, cáo buộc chính phủ của ông ""che đậy những sai sót của NEET"". INC kêu gọi Tòa án Tối cao điều tra cáo buộc có bất thường trong NEET năm nay. Trong khi đó, Tòa án Tối cao Ấn Độ đã thụ lý và dự kiến bắt đầu giải quyết hàng loạt khiếu nại liên quan kết quả NEET, bao gồm hủy kết quả thi, từ ngày 8/7. ""Hãy tưởng tượng một người gian lận để trở thành bác sĩ! Người đó sẽ có hại cho xã hội"", thẩm phán Bhatti cảnh báo về hậu quả tiềm ẩn. Đại diện NTA kêu gọi tòa không đưa ra phán quyết trước khi cơ quan này có phản hồi về các khiếu nại. Như Tâm (Theo BBC, Indian Express)","Thứ bảy, 22/6/2024, 09:11 (GMT+7)",
Slovakia nói chuyển tên lửa phòng không cho Ukraine là phản quốc,"Bộ Quốc phòng Slovakia gọi việc quyết định chuyển tiêm kích, tên lửa phòng không cho Ukraine là hành vi phản quốc, đề nghị điều tra bộ trưởng tiền nhiệm.","Slovakia năm ngoái cung cấp cho Ukraine 13 tiêm kích MiG-29 cùng một số tổ hợp tên lửa phòng không 2K12 Kub. Tuy nhiên, sau khi Thủ tướng Robert Fico đắc cử, Slovakia hồi tháng 10/2023 quyết định đình chỉ viện trợ quân sự cho Ukraine. Igor Melicher, Quốc vụ khanh Bộ Quốc phòng Slovakia, ngày 21/6 cho biết việc chuyển các tổ hợp phòng không cho Ukraine ""đẩy không phận và người dân vào tình thế nguy hiểm"". ""Tôi tin rằng cựu bộ trưởng quốc phòng Jaroslav Nad đã phản bội Slovakia"", ông Melicher nói. ""Bộ Quốc phòng đã đệ đơn khiếu nại hình sự với cáo buộc về hành vi phá hoại hoặc phản quốc, lạm quyền và không hoàn thành nhiệm vụ được giao"". Theo ông Melicher, chính phủ lâm thời Slovakia, chịu trách nhiệm điều hành đất nước trước khi diễn ra bầu cử sớm vào cuối năm 2023, không có quyền thực hiện các động thái quan trọng về chính sách đối ngoại. ""Chuyển giao số tiêm kích trị giá 537 triệu USD cho nước khác là một trong những động thái này"", ông Melicher nói. Robert Dobrovodsky, quan chức tư pháp chịu trách nhiệm điều tra về đợt chuyển tiêm kích, cho biết Bộ Quốc phòng Slovakia không thể đưa ra văn bản pháp lý cần thiết liên quan đến quyết định chuyển tiêm kích cho Ukraine. ""Họ thậm chí thừa nhận rằng những văn bản này không được đăng ký trong cơ sở pháp lý"", ông Dobrovodsky nói. Slovakia, thành viên NATO, quyết định loại biên tiêm kích MiG-29 vào năm 2022 do quá trình đảm bảo vận hành phải phụ thuộc vào các công ty và kỹ thuật viên Nga. Ba Lan và Czech sau đó đảm nhận nhiệm vụ bảo vệ không phận cho Slovakia. Bộ Quốc phòng Slovakia tháng 3/2023 thông báo chuyển số tiêm kích nói trên cùng hai tổ hợp tên lửa 2K12 Kub cho Ukraine. Điều này khiến Slovakia trở thành nước thứ hai cung cấp tiêm kích cho Ukraine sau Ba Lan. Nguyễn Tiến (Theo Reuters)","Thứ bảy, 22/6/2024, 08:44 (GMT+7)",Chiến sự Nga - Ukraine Đòn tập hậu ở Kharkov Quyền đáp trả Nga của Ukraine Xe tăng mai rùa Cục diện
Ông Trump bị chỉ trích vì đề xuất cấp thẻ xanh cho du học sinh tốt nghiệp tại Mỹ,"Chiến dịch của ông Biden nói ông Trump ""dối trá và xúc phạm người nhập cư"" khi đề xuất cấp thẻ xanh cho du học sinh tốt nghiệp tại Mỹ","""Nếu có cơ hội nhậm chức, ông ấy sẽ tìm cách chia rẽ các gia đình người nhập cư vì lợi ích chính trị của mình"", Keven Munoz, phát ngôn viên chiến dịch tranh cử của Tổng thống Joe Biden, nói ngày 21/6, nhắc đến ông Donald Trump. ""Những lời hứa suông của Trump là dối trá và xúc phạm, đặc biệt là với vô số người đã chịu thiệt hại vĩnh viễn trong nhiệm kỳ đầu của ông ấy"". Bình luận được đưa ra sau khi ông Trump ngày 20/6 đề xuất những sinh viên nước ngoài tốt nghiệp đại học ở Mỹ nên được tự động cấp thẻ xanh, tạo điều kiện ở lại quốc gia này. Cựu tổng thống không nêu rõ đang ám chỉ đến tất cả người nước ngoài ở Mỹ, gồm cả người đến Mỹ bất hợp pháp hoặc quá hạn thị thực, hay chỉ những người được cấp thị thực du học tại nước này. Karoline Leavitt, thư ký báo chí của ông Trump, ngày 21/6 nói đề xuất cấp thẻ xanh sẽ áp dụng với ""những người tài năng nhất"" và ""phải trải qua quá trình sàng lọc nghiêm ngặt nhất trong lịch sử Mỹ"" để loại trừ các yếu tố không phù hợp"". Thẻ xanh, hay thẻ thường trú, cho phép người sở hữu có thể sống và làm việc lâu dài tại Mỹ, đồng thời là con đường dẫn tới việc được cấp quyền công dân Mỹ. Ông Trump còn hứng chỉ trích từ phe bảo thủ. Một số nhà bình luận phe này mô tả đề xuất của cựu tổng thống là ""tồi tệ"" và Mỹ còn nhiều lao động lành nghề đang cần có việc làm tốt hơn. Jeremy Beck, phó chủ tịch tổ chức NumbersUSA chuyên kêu gọi siết hạn chế với người nhập cư, cáo buộc ông Trump đang biến các trường cao đẳng, đại học Mỹ thành ""xưởng in thị thực"". Steve Bannon, cựu cố vấn của ông Trump, cũng bác bỏ ý tưởng từ cựu tổng thống. Ông cho rằng các du học sinh nên ""làm cho quê hương của họ vĩ đại trở lại"" sau khi tốt nghiệp tại Mỹ. Những nhà vận động ủng hộ người nhập cư cũng không bị thuyết phục bởi đề xuất. ""Tôi suýt bật cười bởi chính quyền của ông ấy từng thực hiện hàng loạt chính sách nhằm hạn chế thị thực sinh viên, khiến việc ở lại Mỹ sau khi tốt nghiệp trở nên khó khăn hơn"", Aaron Reichlin-Melnick, giám đốc chính sách tại Hội đồng Nhập cư Mỹ, nói. Như Tâm (Theo Reuters, The Hill)","Thứ bảy, 22/6/2024, 08:11 (GMT+7)",
"Israel oanh tạc Dải Gaza, ít nhất '30 người chết'","Quân đội Israel ném bom loạt mục tiêu ở Dải Gaza, được cho là khiến ít nhất 30 người chết ở Gaza City, thành phố lớn nhất dải đất.","Fadel Naeem, giám đốc bệnh viện Al-Ahli ở Gaza City, thành phố lớn nhất Dải Gaza, cho biết 30 người đã thiệt mạng tại đô thị này sau cuộc oanh tạc của không quân Israel ngày 21/6. ""Hôm nay là một ngày khó khăn và tàn khốc đối với Gaza City. Bệnh viện Al-Ahli đã tiếp nhận 30 thi thể"", Naeem nói. Người phát ngôn cơ quan phòng vệ dân sự Mahmud Basal thông báo một gara ở thành phố trúng bom, khiến 5 người thiệt mạng. AFP mô tả máy bay Israel còn tập kích đô thị Khan Younis ở phía nam Gaza trong đêm, tạo ra quả cầu lửa lớn ở một khu dân cư. Lực lượng Phòng vệ Israel (IDF) cùng ngày thông báo đã tiến hành các chiến dịch ""ở phía bắc và nam của Hành làng Trung tâm Gaza"", song không bình luận về thương vong. IDF cho biết thêm hai binh sĩ Israel thiệt mạng. Ít nhất 312 quân nhân nước này đã tử trận từ đầu xung đột. Chiến sự tại Dải Gaza bùng phát sau khi lực lượng Hamas mở chiến dịch tập kích hiệp đồng bất ngờ vào miền nam Israel tháng 10/2023, khiến 1.194 người thiệt mạng, chủ yếu là dân thường. Nhóm vũ trang cũng bắt nhiều con tin, 116 người được cho là vẫn bị giữ ở dải đất, song quân đội Israel cho biết chỉ hơn 50 người còn sống. Chiến dịch đáp trả của Tel Aviv nhằm vào Dải Gaza sau đó làm ít nhất 37.431 người thiệt mạng, chủ yếu là dân thường tính đến ngày 20/6, theo cơ quan y tế ở vùng lãnh thổ. Giao tranh cũng phá hủy phần lớn cơ sở hạ tầng, khiến nhiều người dân thiếu thức ăn, nhiên liệu và các nhu yếu phẩm khác. Các cuộc đàm phán nhằm tìm kiếm thỏa thuận ngừng bắn và trao trả con tin đã diễn ra nhiều tháng, song chưa đạt tiến triển. Qatar, nước đóng vai trò trung gian, ngày 21/6 cho biết vẫn đang nỗ lực nhằm ""thu hẹp khoảng cách"" về quan điểm giữa Hamas và Israel. Ngoài Dải Gaza, chiến sự cũng đang diễn ra căng thẳng ở biên giới Israel - Lebanon. IDF đêm 20/6 thông báo ""đánh chặn một vật thể trên không khả nghi"" phóng từ bên kia biên giới, trong khi truyền thông Lebanon sáng 21/6 cho biết quân đội Israel đã tập kích miền nam nước này. Hezbollah tập kích lãnh thổ Israel gần như hàng ngày sau khi xung đột ở Dải Gaza bùng phát, nhằm thể hiện ủng hộ với người dân Palestine và Hamas, đồng minh của nhóm trong ""trục kháng chiến"" chống Tel Aviv và phương Tây ở Trung Đông. Giao tranh gần đây gia tăng sau khi IDF hôm 11/6 hạ sát Taleb Abdallah, được cho là chỉ huy cấp cao nhất của Hezbollah thiệt mạng từ đầu chiến sự. Phạm Giang (Theo AFP)","Thứ bảy, 22/6/2024, 08:03 (GMT+7)",Chiến sự Hamas - Israel Áp lực Giải cứu con tin Kịch bản ICC phát lệnh bắt Thương vong
"Xả súng tại siêu thị ở Mỹ, ba người chết","Nghi phạm xả súng tại một siêu thị ở bang Arkansas, khiến ba người chết và 10 người bị thương trước khi bị bắt.","Mike Hagar, Giám đốc Cảnh sát bang Arkansas, cho biết lực lượng này nhận tin báo về vụ xả súng tại siêu thị Mad Butcher ở thành phố Fordyce vào trưa 21/6. Cảnh sát lập tức đến hiện trường và đấu súng với ""một nghi phạm duy nhất"". ""Thật không may, 11 dân thường vô tội trúng đạn và ba trong số này đã thiệt mạng. Hai cảnh sát cũng bị thương trong cuộc đấu súng. Nghị phạm cũng trúng đạn và đã bị bắt"", Hagar thông báo, thêm rằng nghi phạm và các cảnh sát đều bị thương nhẹ. Thống đốc Arkansas Sarah Huckabee Sanders cho biết bà đã nhận báo cáo về ""thảm kịch"" và gửi lời chia buồn đến gia đình các nạn nhân. Nhân chứng tên David Rodriguez cho biết anh đang rẽ vào trạm xăng thì nghe thấy tiếng nổ, nhưng tưởng là tiếng pháo hoa. Nghi phạm sau đó xả đạn nhanh hơn, người dân tháo chạy khỏi siêu thị, trước khi cảnh sát và xe cứu thương xuất hiện. Theo Rodriguez, các cửa sổ phía trước của siêu thị đã bị vỡ. Fordyce là thành phố nhỏ ở đông nam hạt Dallas, bang Arkansas, có dân số 3.396 người vào năm 2020. Xả súng hàng loạt được định nghĩa là sự việc có từ 4 người trở lên bị bắn, ngoại trừ nghi phạm. Tổ chức Lưu trữ Bạo lực Súng đạn (GVA) cho biết đã xảy ra ít nhất 234 vụ xả súng hàng loạt tại Mỹ kể từ đầu năm. Nước này đã chứng kiến hàng loạt vụ xả súng trong vài tuần qua, tính riêng từ ngày 14/6 là 21 vụ. Phạm Giang (Theo CNN, Reuters)","Thứ bảy, 22/6/2024, 06:57 (GMT+7)",
