title,article,date
Thí sinh nghi ngờ điểm thi đánh giá năng lực của ĐH Quốc gia TP HCM,"Sau khi tra cứu điểm thi hôm 10/6, Phương Anh, học sinh lớp 12 ở Bình Dương, thấy vô lý khi chỉ đạt 16/300 điểm ở phần Khoa học Tự nhiên. Nữ sinh cho hay đã bàn với thầy cô về đáp án sau khi làm bài và chắc chắn đúng ít nhất 10 trong 30 câu ở phần này. Trao đổi với một số bạn cùng thi, Phương Anh nhận ra nhiều người gặp cảnh tương tự. ""Trong số này, có một câu được tính điểm do đề bài sai, còn lại lẽ nào em không làm đúng thêm câu nào. Em nhớ rất rõ đáp án mình chọn nên nghi ngờ cách chấm điểm của Đại học Quốc gia TP HCM"", Phương Anh nói. Khoảng 23h ngày 12/6, khi vào tài khoản xem lại thông tin để điền đơn phúc khảo, Phương Anh bất ngờ khi thấy điểm phần thi Khoa học Tự nhiên đã được điều chỉnh lên 150/300. Mạnh Hùng, thí sinh dự thi tại điểm trường Đại học Sư phạm Kỹ thuật TP HCM, cũng hoang mang khi điểm số nhận được lệch rất nhiều so với tính toán. Dò đáp án từ thầy giáo dạy thêm, Hùng chắc chắn đúng 17/20 câu phần Tiếng Việt nhưng hệ thống báo điểm của em ở phần này chỉ đạt 128/200. Tương tự, phần Khoa học xã hội, nam sinh ước chừng đúng 16 trong tổng số 20 câu nhưng điểm chỉ đạt 123/200. ""Điểm số mỗi câu dao động 8-17 tùy vào tỷ lệ thí sinh trả lời câu đó. Như vậy, không thể nào em sai 3-4 câu mà trừ gần một nửa số điểm được"", Hùng thắc mắc. Nam sinh cho biết việc không công bố đề thi, đáp án, barem chấm khiến thí sinh luôn trong thế bị động, không có gì đảm bảo chắc chắn bài làm được chấm chính xác. Trên một nhóm gần 1.000 thí sinh đã dự thi đánh giá năng lực, gần 400 em cho biết đã và sẽ làm đơn phúc khảo kết quả thi đợt hai. Qua trao đổi với học trò, ông Bùi Văn Công, giáo viên chuyên luyện thi đánh giá năng lực tại TP HCM, cho rằng kết quả đánh giá năng lực đợt 2 bất thường. ""Tôi cũng trực tiếp đi thi đợt 2 và giải đề với học trò, có gần chục em cùng điểm phần Khoa học Tự nhiên 16/200 dù chắc chắn làm đúng nhiều câu. Sự trùng hợp này rất khó hiểu và chắc chắn có vấn đề ở khâu chấm thi"", ông nói. Giáo viên này đề xuất Đại học Quốc gia TP HCM chụp lại bài làm và phần chấm điểm của những thí sinh xin phúc khảo để đảm bảo sự công bằng. Về lâu dài, đơn vị tổ chức kỳ thi cần công bố đề, đáp án để xã hội giám sát. Chiều 13/6, Trung tâm khảo thí và đánh giá chất lượng đào tạo, Đại học Quốc gia TP HCM, cho biết đã phát hiện ""sơ sót"" và đang rà soát, sẽ thông báo chính thức sau. Trước đó, đơn vị này thừa nhận đề thi sai hai câu Hóa học và Tư duy logic, thí sinh được điểm trọn vẹn hai câu này. Những năm qua, cấu trúc đề thi đánh giá năng lực của Đại học Quốc gia TP HCM ổn định với 120 câu hỏi trắc nghiệm trong 150 phút, điểm tối đa là 1.200. Đề thi có ba phần: Sử dụng ngôn ngữ; Toán học, Tư duy logic và Phân tích số liệu; Giải quyết vấn đề (Khoa học Tự nhiên, Khoa học xã hội). Trường không công bố đề, đáp án và barem chấm điểm, tương tự các kỳ thi đánh giá năng lực, tư duy hiện nay. Hai đợt thi của Đại học Quốc gia TP HCM năm nay thu hút gần 105.000 thí sinh tham gia, điểm trung bình các em đạt được là 664,4. Thủ khoa kỳ thi đạt 1.116 điểm, là em Trần Phạm Long Nghĩa, trường THPT Tân Phú, quận Tân Phú. 109 trường đại học, cao đẳng công nhận và sử dụng điểm thi này để xét tuyển đầu vào. Lệ Nguyễn * Tên thí sinh được thay đổi","Thứ năm, 13/6/2024, 18:28 (GMT+7)"
TP HCM chấp nhận đáp án khác cho đề Tiếng Anh lớp 10,"Sau khi Sở công bố đề thi, đáp án ba môn, một số giáo viên nhận ra đáp án câu 40 trong đề Tiếng Anh chưa bao quát hết những câu trả lời của thí sinh. Đề thi Tiếng Anh - Đáp án Câu 40 yêu cầu thí sinh viết lại câu sao cho nghĩa không thay đổi: ""Because of his good performances, he was nominated as Singer of The Year"". Đáp án chính thức được Sở công bố là: ""Because he performed well, he was nominated as Singer of The Year"" (Anh ấy đã trình diễn tốt nên anh ấy đạt danh hiệu ca sĩ xuất sắc của năm). Thầy Trần Ngọc Hữu Phước, giáo viên tiếng Anh trường THPT Bùi Thị Xuân, quận 1, cho rằng đáp án của Sở là chính xác. Với ngữ cảnh đã cho, thì quá khứ đơn được dùng để diễn tả một hành động đã diễn ra và chấm dứt trong quá khứ. Tuy nhiên, nếu học sinh dùng thì quá khứ hoàn thành và trả lời ""Because he had given good performances, he was nominated for Singer of the Year"" thì vẫn chấp nhận được. Lý do là thì quá khứ hoàn thành dùng để nhấn mạnh hành động đã xảy ra vào một khoảng thời gian trong quá khứ, trước khi một hành động quá khứ khác xảy ra. Chung ý kiến, cô Hồ Thị Bích Ty, Tổ trưởng môn Tiếng Anh, trường THCS Hà Huy Tập, quận Bình Thạnh, cho rằng trong mệnh đề đưa ra, cụm từ Singer of The Year viết hoa nên được hiểu như một giải thưởng, dùng từ ""for"" khi viết lại câu cũng phù hợp. ""Học sinh THCS không được học nhiều về thì quá khứ hoàn thành nên đa số sẽ đưa ra đáp án theo thì quá khứ đơn như Sở đã công bố, chỉ một vài em học nâng cao sẽ dùng"", cô Ty nhận định. Hai thầy cô đề xuất Sở xem xét tính điểm cho những học sinh dùng thì quá khứ hoàn thành. Sáng 13/6, ông Nguyễn Bảo Quốc, Phó giám đốc Sở Giáo dục và Đào tạo, cho biết tình huống này đã được hội đồng chấm thi tính toán ngay từ đầu và thống nhất đảm bảo quyền lợi học sinh nếu các em trả lời hợp lý. ""Đáp án Sở công bố là chính xác và thông dụng nhất nhưng trong hướng dẫn chấm thi sẽ chi tiết hơn và lường trước một số tình huống khác"", ông nói. Kỳ thi vào lớp 10 công lập tại TP HCM diễn ra ngày 6-7/6 với hơn 98.000 thí sinh, hơn 77.300 em trúng tuyển. Điểm xét tuyển hệ đại trà là tổng điểm 3 môn Ngữ văn, Toán, Ngoại ngữ và điểm ưu tiên (nếu có). Thí sinh phải dự thi đủ ba môn, không vi phạm quy chế, không bị điểm liệt (0 điểm). Đề thi Tiếng Anh lớp 10 năm nay được nhiều giáo viên nhận xét nhẹ nhàng, quen thuộc,là môn gỡ điểm cho thí sinh. Cô Trần Thị Vân, tổ trưởng Tiếng Anh, trường THCS Nguyễn Du, quận 1, cho rằng phổ điểm môn này sẽ tập trung nhiều ở khoảng 7-9. Không có ""mưa"" điểm 10 như năm ngoái bởi đề có 4 câu khó, thuộc phần chọn đúng sai, dạng của từ và viết lại câu, học sinh dễ sơ sẩy. ""Điểm dưới trung bình sẽ không nhiều. Những em trung bình yếu nếu cố gắng cũng có thể đạt điểm 5-6. Phổ điểm chung không chênh lệch với năm ngoái"", cô Vân nói. Năm ngoái, môn Ngoại ngữ có khoảng 32% bài thi đạt điểm giỏi (8 điểm trở lên), cao nhất trong ba môn chung, gồm hơn 2.140 bài thi đạt điểm tuyệt đối. Lệ Nguyễn","Thứ năm, 13/6/2024, 12:04 (GMT+7)"
"Học phí 13 trường, khoa của Đại học Quốc gia Hà Nội","Theo đề án tuyển sinh của các trường, mức học phí này áp dụng với sinh viên khóa mới. Trường Đại học Giáo dục có học phí thấp nhất dù tăng hơn hai triệu đồng so với năm ngoái, lên mức 14,1 triệu. Riêng sinh viên các ngành Sư phạm được nhà nước hỗ trợ tiền học và sinh hoạt phí. Cùng mức này là Khoa Quốc tế Pháp ngữ với 14,1-15 triệu đồng. Các trường khác như Khoa học Xã hội và Nhân văn, Khoa học Tự nhiên hay Ngoại ngữ đều thu mức thấp nhất là 15 triệu đồng với các chương trình chuẩn, bằng năm ngoái. Với các chương trình liên kết đào tạo với nước ngoài, học phí các trường khoảng 60-100 triệu đồng một năm. Trong đó, trường Đại học Kinh tế thu cao nhất. Ngành Quản trị kinh doanh liên kết với Đại học Troy (Mỹ) có học phí hơn 351 triệu đồng cho khóa 3,5 năm, tương đương hơn 100 triệu đồng một năm. Tuy nhiên, sinh viên trúng tuyển và nhập học kỳ mùa thu năm 2024 được cấp học bổng nên còn khoảng 94-97 triệu đồng. Học phí dự kiến năm 2024 của 13 trường, khoa thuộc Đại học Quốc gia Hà Nội như sau: Năm nay, 13 trường, khoa thuộc Đại học Quốc gia Hà Nội tuyển 18.000 sinh viên, tăng hơn 3.000 so với năm ngoái. Trường Đại học Công nghệ tuyển nhiều nhất với 2.960 sinh viên, kế đến là Đại học Kinh tế - 2.350, Khoa học Xã hội và Nhân văn - 2.300, Ngoại ngữ - 2.000. Bốn phương thức tuyển sinh chính gồm: xét tuyển thẳng, ưu tiên xét tuyển học sinh có thành tích cao trong học tập; xét bằng điểm thi tốt nghiệp THPT; dựa vào điểm thi đánh giá năng lực do Đại học Quốc gia Hà Nội tổ chức; phương thức khác (điểm thi đánh giá năng lực của Đại học Quốc gia TP HCM, chứng chỉ quốc tế, phỏng vấn, thi năng khiếu...). Xem chỉ tiêu từng ngành của Đại học Quốc gia Hà Nội Năm ngoái, trường Đại học Khoa học Xã hội và Nhân văn có điểm chuẩn thi tốt nghiệp THPT cao nhất với 28,78 điểm, trên thang 30. Dương Tâm","Thứ năm, 13/6/2024, 10:44 (GMT+7)"
Chương trình quốc tế Gloucestershire Vietnam xét tuyển sớm với nhiều học bổng,"Gloucestershire Vietnam là chương trình hợp tác chiến lược giữa Trường Đại học Kinh tế - Tài chính TP HCM (UEF) và Đại học Gloucestershire (UoG, Anh) nhằm mang đến chương trình đào tạo cử nhân Anh quốc toàn phần cho sinh viên Việt Nam. Khi đăng ký xét tuyển sớm tại đây, thí sinh có cơ hội nhận các suất học bổng dựa trên điểm học bạ và kết quả thi Đánh giá năng lực của Đại học Quốc gia TP HCM, chứng chỉ IELTS và kỳ thi tốt nghiệp THPT. Bên cạnh đó, khi có chứng chỉ IELTS 5.0 trở lên, thí sinh được miễn giảm học phí các cấp độ tiếng Anh tương ứng đến 70 triệu đồng và rút ngắn thời gian đào tạo còn từ 3 đến 3,5 năm. Đào Minh An (Bình Thạnh, TP HCM) quyết định xét tuyển sớm ngay sau khi hoàn tất chương trình học lớp 12. Em nộp học bạ vào chương trình cử nhân quốc tế của Gloucestershire Vietnam để giảm áp lực thi cử. ""Thay vì quá nhiều công sức cho việc ôn thi tốt nghiệp, em có thời gian lên kế hoạch học tập và rèn luyện thêm vốn tiếng Anh để chuẩn bị vào đại học"", nữ sinh chia sẻ chia sẻ. Lưu Hồng Phúc (Đồng Nai) cũng chọn phương thức này, xét điểm theo tổ hợp ba môn từ học bạ là 26,5. Do đó, em nhận được học bổng miễn giảm 50% học phí khi theo học chương trình Gloucestershire Vietnam. ""Bây giờ em chỉ cần đủ điểm cho kỳ thi tốt nghiệp là có thể theo học chương trình này"", Phúc nói thêm. Theo Tiến sĩ Đỗ Hữu Nguyên Lộc - Giám đốc chương trình Gloucestershire Vietnam, mức học phí và chính sách học bổng của Gloucestershire Vietnam sẽ giúp sinh viên tiết kiệm khoảng 70% so với du học nước ngoài, từ đó, góp phần tạo dựng một nguồn nhân lực trẻ, công dân toàn cầu đóng góp cho sự phát triển và hội nhập của xã hội. Bên cạnh đó, sinh viên có thể tiếp cận chương trình đào tạo đạt chuẩn quốc tế tương đương với du học tại nước ngoài. Sau khi tốt nghiệp, các bạn sẽ nhận bằng cử nhân quốc tế được Bộ Giáo dục và Đào tạo công nhận, có giá trị toàn cầu. Với đội ngũ giảng viên từ Anh Quốc và các quốc gia nói tiếng Anh, sinh viên vừa học kiến thức chuyên ngành, kinh nghiệm thực chiến, vừa trau dồi kỹ năng để bổ trợ cho nghề nghiệp. Môi trường học tập đa văn hóa tại Gloucestershire Vietnam sẽ mang đến cho sinh viên nhiều hoạt động như các cuộc thi quốc tế, học tập, gia lưu văn hóa, trao đổi học thuật với sinh viên nước ngoài... Sinh viên tại đây cũng có cơ hội học tập tại các quốc gia như Anh, Mỹ, Hàn Quốc hay Nhật Bản qua chương trình học kỳ quốc tế, trao đổi sinh viên. Ngoài ra, với mạng lưới kết nối hàng nghìn doanh nghiệp, Gloucestershire Vietnam tạo điều kiện cho sinh viên học tập trải nghiệm, kiến tập tại doanh nghiệp, từ đó, góp phần mở rộng cơ hội việc ở môi trường quốc tế sau khi tốt nghiệp. Năm nay, Gloucestershire Vietnam xét tuyển các ngành: Tiếng Anh và Ngôn ngữ học; Quản trị kinh doanh và Marketing; Quản trị khách sạn và Du lịch quốc tế; Kinh doanh quốc tế; Truyền thông đa phương tiện; Quản trị Logistics; Kế toán - Tài chính. Nhật Lệ","Thứ năm, 13/6/2024, 14:00 (GMT+7)"
Trên 8 điểm mỗi môn mới đỗ lớp 6 trường 'hot' nhất Hà Nội,"Kết quả được trường công bố tối 12/6. Điểm chuẩn là tổng ba môn thi Toán, Tiếng Việt và Tiếng Anh (tính thang 10), cùng điểm ưu tiên khoảng 1-5 điểm (nếu có). Mức này giảm 0,5 so với năm ngoái. Ngoài ra, trường đưa ra mức điểm dự khuyết từ 24,5 đến 25. Nếu số học sinh đỗ chính thức nhập học không đủ, trường sẽ xét tới các em ở diện này, theo mức từ cao xuống thấp. THCS và THPT Nguyễn Tất Thành là trường công lập tự chủ trực thuộc Đại học Sư phạm Hà Nội. Trường tổ chức thi tuyển lớp 6 cách đây 10 ngày. 5.555 học sinh đăng ký, trong khi chỉ có 270 suất học, khiến tỷ lệ chọi vào trường lên tới 1/20. Đây là kỳ thi lớp 6 đông nhất và cạnh tranh nhất ở Hà Nội. Năm học 2024-2025, học phí dự kiến với lớp Tiếng Anh học thuật là 41,2 triệu đồng (10 tháng, đã gồm gần 20 triệu đồng phí học Tiếng Anh với giáo viên nước ngoài). Các lớp còn lại có mức học phí 21,5 triệu đồng một năm học, song chưa gồm phí Tiếng Anh (100.00 đồng/tiết). Thanh Hằng","Thứ tư, 12/6/2024, 21:16 (GMT+7)"
Điểm chuẩn lớp 10 chuyên Khoa học Xã hội và Nhân văn cao nhất 8,"Theo thông báo của trường Đại học Khoa học Xã hội và Nhân văn, Đại học Quốc gia Hà Nội, tối 12/6, điểm chuẩn của lớp chuyên Lịch sử và Địa lý lần lượt là 7,5 và 7 điểm. Đây là năm đầu tiên trường tuyển sinh lớp 10 với duy nhất bài thi môn chuyên, thay vì có thêm ba môn chung Toán, Văn và Tiếng Anh như các năm trước. Do đó, điểm xét tuyển tính trên thang 10, không cộng điểm ưu tiên. Trường nhận đơn phúc khảo từ mai tới 17h ngày 17/6, kết quả được công bố muộn nhất sau 11 ngày. Thí sinh trúng tuyển dự kiến nhập học ngày 10/7. Năm nay, trường THPT chuyên Khoa học Xã hội và Nhân văn tuyển 140 học sinh cho bốn lớp (hai lớp Văn), nhận hơn 1.500 hồ sơ đăng ký. Lớp chuyên Văn có mức độ cạnh tranh nhất khi chỉ tuyển 70 em, nhưng có 928 hồ sơ, tỷ lệ chọi là 1/13,3. Năm ngoái, trường lấy điểm chuẩn 34,6/50 cho lớp chuyên Văn, tức trung bình 7 điểm/môn. Hai lớp còn lại lấy 30 và 30,1 điểm. Thanh Hằng","Thứ tư, 12/6/2024, 20:08 (GMT+7)"
1 'chọi' 12 thi vào lớp 6 trường Trần Đại Nghĩa,"Theo thông báo của Sở Giáo dục và Đào tạo, kỳ thi sẽ được tổ chức vào ngày 4/7. Đề thi gồm hai phần: tự luận và trắc nghiệm, với thời gian 90 phút. Trong đó, phần trắc nghiệm có 20 câu tiếng Anh, kiểm tra kiến thức Khoa học tự nhiên, Khoa học xã hội, thường thức đời sống. Phần tự luận gồm Tiếng Anh (nghe, đọc-hiểu, viết), Toán tư duy logic và Đọc - Hiểu - Làm văn. Học sinh muốn dự thi phải đạt 9 điểm trở lên ở môn Toán và Tiếng Việt năm lớp 5. Các em nhận thẻ dự thi vào ngày 24-26/6. Học sinh trúng tuyển nhập học ngày 12-15/7, còn lại được xét vào lớp 6 trường công lập khác. Trường THCS-THPT Trần Đại Nghĩa được thành lập hồi tháng 5, tách từ trường THPT chuyên cùng tên. Năm ngoái, có 4.800 học sinh đăng ký vào hệ này trong khi có 525 suất đỗ, tỷ lệ chọi là 1/8. Trường sẽ theo mô hình tiên tiến, hội nhập, dạy một số môn bằng tiếng Anh, sĩ số lớp không quá 35. Ngoài học phí theo quy định của HĐND thành phố, trường được thu thêm tối đa 1,5 triệu mỗi tháng. Năm học tới, TP HCM có khoảng 128.000 học sinh vào lớp 6. Đến nay, 5 trường THCS tổ chức thi đầu vào, thời gian từ giữa tháng 6 đến đầu tháng 7. Những trường còn lại sẽ xét tuyển, căn cứ vào nơi cư trú thực tế của học sinh để bố trí chỗ học thuận tiện nhất cho các em. Lệ Nguyễn","Thứ tư, 12/6/2024, 11:59 (GMT+7)"
Lượng thí sinh xét tuyển học bạ tại Trường ĐH Đại Nam tăng,"Theo thông tin từ phòng Tuyển sinh, 50% số nguyện vọng tập trung vào các ngành học như Y khoa, Dược học, Điều dưỡng, Công nghệ thông tin, Hệ thống thông tin, Khoa học máy tính, Công nghệ sinh học Y Dược, Công nghệ bán dẫn, Fintech... PGS.TS Phạm Văn Hồng - Hiệu trưởng Trường Đại học Đại Nam cho biết, thí sinh ưu tiên xét tuyển học bạ vì tình trạng khó lường về phổ điểm, ngưỡng điểm sàn, đồng thời, phương thức này có ưu điểm chủ động, đơn giản, công bằng và cơ hội trúng tuyển cao. ""Điểm chuẩn theo phương thức này thường biến động mạnh sau khi có điểm thi tốt nghiệp. Vì vậy, thí sinh nên xét tuyển học bạ càng sớm càng có nhiều lợi thế hơn"", ông khuyên. Năm nay, Trường Đại học Đại Nam (mã trường: DDN) tuyển sinh hệ đại học chính quy ở 36 ngành đào tạo thuộc bốn khối: Sức khỏe, Kỹ thuật - Công nghệ, Kinh tế - Kinh doanh, Khoa học xã hội theo ba phương thức: xét học bạ, xét điểm thi tốt nghiệp THPT và xét tuyển thẳng. Đối với phương thức xét học bạ THPT, thí sinh có thể lựa chọn một trong hai cách: xét điểm trung bình năm học lớp 12 hoặc điểm trung bình năm học lớp 11 và học kỳ I lớp 12. Các bạn cần có tổng điểm trung bình 18 trở lên. Riêng với khối Sức khỏe, ứng viên cần tuân thủ ngưỡng đảm bảo chất lượng của Bộ Giáo dục và Đào tạo. Trong đó, ngành Y khoa, Dược học, thí sinh phải có học lực lớp 12 xếp loại Giỏi và tổng điểm điểm ba môn theo tổ hợp xét tuyển đạt 24 trở lên. Thí sinh ngành Điều dưỡng cần có học lực lớp 12 xếp loại Khá trở lên và tổng điểm ba môn theo tổ hợp xét tuyển đạt từ 19,5. PGS.TS Phạm Văn Hồng lưu ý thêm, dù thủ tục đăng ký xét tuyển bằng học bạ vào Trường Đại học Đại Nam khá đơn giản nhưng không ít thí sinh đánh mất cơ hội trúng tuyển do những sai sót không đang có như không đăng ký nguyện vọng đã trúng tuyển sớm lên hệ thống xét tuyển của Bộ Giáo dục và Đào tạo; nộp hồ sơ sai địa chỉ; hồ sơ không hợp lệ; khai sai thông tin; nộp hồ sơ xét tuyển quá hạn... Sau khi đã đủ điều kiện trúng tuyển sớm của Đại học Đại Nam, thí sinh cùng cần đăng ký nguyện vọng lên hệ thống xét tuyển của Bộ Giáo dục và Đào tạo, nộp lệ phí xét tuyển tương ứng với số nguyện vọng đã đăng ký để tính hợp lệ. Hệ thống chỉ xác nhận thí sinh trúng tuyển một nguyện vọng duy nhất. ""Thí sinh cần sắp xếp thứ tự đặt nguyện vọng mình yêu thích lên trên. Các em trúng tuyển ở nguyện vọng nào, hệ thống sẽ dừng lại ở nguyện vọng đó, không xét tiếp"", ông nhấn mạnh. Thiên Minh","Thứ tư, 12/6/2024, 08:00 (GMT+7)"
Bộ Giáo dục đổi mẫu giấy thi tốt nghiệp THPT,"Ông Huỳnh Văn Chương, Cục trưởng Quản lý chất lượng, Bộ Giáo dục và Đào tạo, ngày 11/6 cho biết sự thay đổi này căn cứu đề nghị của các Sở. Trước đây, khi kỳ thi đại học được tổ chức theo cụm, số báo danh của thí sinh gồm cả phần chữ và số, ví dụ như ""BKA012345"". Khoảng 7 năm gần đây, số báo danh chỉ còn phần số, nhưng giấy thi vẫn in lưu ý ""Thí sinh phải ghi cả phần chữ và số"". Theo các Sở, điều này khiến nhiều em nhầm lẫn, ghi dưới dạng ""012345 (không một hai ba bốn năm)"". Vì vậy, Bộ ban hành mẫu giấy thi tự luận mới, bỏ phần ghi chú này. Thí sinh chỉ cần ghi đúng số báo danh của mình, ví dụ 012345, là đủ. Với phiếu trả lời trắc nghiệm, Bộ Giáo dục và Đào tạo giữ nguyên mẫu cũ. Thí sinh cần ghi đầy đủ thông tin, 6 chữ số cuối của số báo danh, đồng thời tô kín các ô tròn trong bảng số phía dưới (tương ứng với các chữ số đã ghi). Ở phần trả lời, với mỗi câu trắc nghiệm, thí sinh chọn và tô kín một ô tròn trong các đáp án A, B, C, D. Kỳ thi tốt nghiệp THPT năm nay diễn ra vào ngày 26-28/6 với bốn bài thi, gồm Toán, Văn, Anh và một bài tổ hợp (Khoa học tự nhiên hoặc Khoa học xã hội). Các môn thi đều dưới dạng trắc nghiệm, trừ Ngữ văn theo hình thức tự luận. Bộ Giáo dục và Đào tạo cho hay có khoảng 1,07 triệu thí sinh đăng ký, nhiều nhất là ở Hà Nội (hơn 109.000), TP HCM (gần 88.200), Thanh Hóa (gần 38.700). Năm ngoái, trong khoảng một triệu thí sinh, 98,88% đỗ, là tỷ lệ cao nhất kể từ năm 2015. Trong số này, hơn 546.000 em đăng ký xét tuyển đại học. Dương Tâm","Thứ ba, 11/6/2024, 18:22 (GMT+7)"
TP HCM công bố đáp án 3 môn thi lớp 10,"Đáp án như sau: Toán Ngữ văn Tiếng Anh Kỳ thi lớp 10 của thành phố diễn ra hôm 6-7/6, với hơn 98.000 thí sinh. Trong số này, 77.300 em có suất học công lập. Nhiều giáo viên nhận định đề Văn và Tiếng Anh tương tự mọi năm, trong khi đề Toán khó hơn nên điểm chuẩn có thể giảm 0,5-2 điểm. Điểm thi lớp 10 sẽ được công bố vào ngày 20/6. Sau đó bốn ngày, Sở công bố điểm chuẩn lớp 10 chuyên, tích hợp. Điểm chuẩn lớp 10 thường (đại trà) được công bố vào ngày 10/7. Lệ Nguyễn","Thứ ba, 11/6/2024, 15:05 (GMT+7)"
Hơn 13.000 thí sinh TP HCM được tính điểm 10 môn Ngoại ngữ,"Số liệu được ông Nguyễn Văn Hiếu, Giám đốc Sở Giáo dục và Đào tạo, nêu tại buổi làm việc của Bộ Giáo dục và Đào tạo với TP HCM về công tác chuẩn bị thi tốt nghiệp THPT, chiều 10/6. Ông Hiếu cho biết thành phố có hơn 90.000 học sinh tham gia kỳ thi, thuộc diện đông nhất cả nước. Trong đó, 13.076 em được miễn và tính điểm 10 môn Ngoại ngữ. Theo quy định của Bộ Giáo dục và Đào tạo, thí sinh được miễn thi và tính điểm 10 môn Ngoại ngữ (Tiếng Anh, Nga, Pháp, Trung Quốc, Đức, Nhật, Hàn Quốc) nếu là thành viên đội tuyển quốc gia thi Olympic quốc tế, hoặc có chứng chỉ ngoại ngữ hợp lệ, có giá trị sử dụng đến ngày 27/6. Năm nay, ở môn Tiếng Anh, ngoài TOEFL ITP 450 điểm, TOEFL iBT 45 điểm, IELTS 4.0, Bộ bổ sung thêm các chứng chỉ: B1 Preliminary, B1 Business Preliminary, B1 Linguaskill; Aptis ESOL B1; Pearson English International Certificate (PEIC) level 2; TOEIC 4 kỹ năng (Nghe và Đọc 275, Nói và Viết 120); chứng chỉ bậc 3 theo khung năng lực ngoại ngữ 6 bậc dùng cho Việt Nam (VSTEP). Kỳ thi tốt nghiệp THPT năm 2024 diễn ra vào ngày 26-28/6 với hơn một triệu thí sinh. Thí sinh làm ba bài thi Toán, Văn, Tiếng Anh và một bài tổ hợp (Khoa học tự nhiên hoặc Khoa học xã hội). Điểm thi tốt được công bố vào 8h ngày 17/7. Lệ Nguyễn","Thứ hai, 10/6/2024, 18:32 (GMT+7)"
"Điểm chuẩn lớp 10 chuyên Khoa học Tự nhiên cao nhất 20,25","Theo thông báo của trường chiều 10/6, đầu vào tất cả khối chuyên đều tăng. Lớp Toán lấy cao nhất. Kế đến là chuyên Tin với 19,5 điểm, cao hơn năm ngoái 0,25. Học sinh thi vào lớp này làm cùng đề với những em thi chuyên Toán. Ba lớp chuyên Lý, Hóa, Sinh lần lượt lấy 18,5; 17,5 và 16, tăng 1-2,25 điểm. Kỳ thi vào lớp 10 trường chuyên Khoa học Tự nhiên diễn ra hôm 2-3/6 với gần 2.800 thí sinh. Chỉ tiêu mỗi khối chuyên Toán, Tin, Hóa, Lý, Sinh là 105 học sinh, tăng 15 so với năm ngoái. Lớp chuyên Toán có tỷ lệ chọi cao nhất - 1/7, tiếp đến là Hóa và Tin với cùng mức cạnh tranh hơn 1/6. Chuyên Lý có tỷ lệ chọi 1/5,8 và Sinh là 1/3,5. Tất cả thí sinh dự thi hai môn chung là Toán và Ngữ văn, sau đó thi môn chuyên. Để được xét tuyển, thí sinh phải thi đầy đủ môn, đạt tối thiểu từ 4 điểm trở lên. Điểm xét tuyển là tổng điểm Toán chung và điểm môn chuyên nhân hệ số hai, không cộng điểm ưu tiên. Trường THPT chuyên Khoa học Tự nhiên, thuộc Đại học Quốc gia Hà Nội là ngôi trường dẫn đầu cả nước về thành tích thi học sinh giỏi quốc tế nhiều năm qua. Dương Tâm","Thứ hai, 10/6/2024, 17:40 (GMT+7)"
Hơn 41% thí sinh bị điểm liệt chuyên Toán ở Phổ thông Năng khiếu,"Trưa 10/6, Trường Phổ thông Năng khiếu công bố điểm chuẩn lớp 10 với mức 23,5-33,75/40. Đa số các lớp chuyên có điểm chuẩn tăng 0,5-7,5 so với năm ngoái, trong khi các lớp liên ngành giảm chừng 0,75-3 điểm. Năm nay, lần đầu trường công bố phổ điểm các môn thi. Môn Toán chuyên có hơn 1.000 thí sinh dự thi, điểm trung bình là 2,72, thấp nhất trong tất cả môn chuyên. Hơn 41% bài thi bị điểm liệt và chỉ gần 15% thí sinh đạt điểm trung bình trở lên. Thí sinh có điểm cao nhất đạt 9,75. Trường nhận định phổ điểm Toán chuyên cho thấy bài thi có độ khó cao, đa số thí sinh có điểm 0-3; giúp phân hóa mạnh cho mục đích tuyển sinh. Chiều 10/6, TS Trần Nam Dũng, Phó hiệu trưởng trường Phổ thông Năng khiếu, cho biết phổ điểm các môn nói chung và Toán chuyên nói riêng không đột biến hay bất ngờ. Không thông tin chi tiết nhưng theo ông, tỷ lệ bài thi Toán chuyên bị điểm liệt của năm 2023 còn cao hơn 41%. ""Đề thi dễ hơn nên các chỉ số của phổ điểm Toán chuyên năm nay đã tốt hơn năm trước"", TS Dũng nói. Lý giải việc nhiều thí sinh bị điểm liệt và khoảng 85% bài thi dưới điểm trung bình, Phó hiệu trưởng cho biết đề Toán chuyên ở một cấp độ khác, khó hơn rất nhiều so với đề không chuyên. Những thí sinh không ôn tập, chuẩn bị kỹ hoặc lần đầu thử sức sẽ không làm được. Khi chấm thi, những bài từ 4 điểm trở lên đã được xem là bài thi tốt. ""Lần đầu trường công bố nên phổ điểm Toán chuyên có thể gây bất ngờ với nhiều người. Trừ Văn, phổ điểm các môn chuyên đều lệch trái (dưới 5 điểm)"", TS Dũng cho hay. Đề Toán chuyên của Phổ thông Năng khiếu (kèm lời giải) Điểm xét tuyển vào trường Phổ thông Năng khiếu là tổng điểm 3 môn chung (Toán, Văn, Anh) và môn chuyên nhân hệ số hai. Với môn Toán chung, trong hơn 3.700 thí sinh dự thi, 49% có điểm dưới trung bình, 11% (407 em) bị điểm liệt. Chỉ 8 học sinh đạt điểm tuyệt đối môn này. Ở môn Văn, 3 em bị điểm liệt, hơn 75% thí sinh đạt điểm trung bình trở lên nhưng chỉ 5 em (0,1%) đạt điểm trên 8. Học sinh đạt điểm cao nhất môn này là 8,5. Gần 43% thí sinh đạt mức trung bình ở môn Tiếng Anh. Trong đó, có 140 em đạt điểm giỏi (trên 8). Điểm cao nhất ở bài thi này là 9,2. Phổ thông Năng khiếu là trường duy nhất ở TP HCM tổ chức thi tuyển vào lớp 10, độc lập với kỳ thi tuyển sinh của Sở Giáo dục và Đào tạo. Với 595 suất học, kỳ thi tuyển sinh năm nay có tỷ lệ chọi trung bình là 1/6,5, cao nhất trong 6 năm qua. Lệ Nguyễn","Thứ hai, 10/6/2024, 15:51 (GMT+7)"
"Lý do Đại học Y Hà Nội xét tuyển khối C, D","PGS.TS Lê Đình Tùng, Trưởng phòng Quản lý đào tạo trường Đại học Y Hà Nội, ngày 10/6 chia sẻ thông tin trên. Năm nay, Đại học Y Hà Nội mở thêm ba ngành, gồm: Tâm lý học, Hộ sinh và Kỹ thuật phục hình răng. Số sinh viên tuyển mới là 1.720, tăng 350 so với năm ngoái. Bốn phương thức tuyển sinh, gồm: xét tuyển thẳng, xét điểm thi tốt nghiệp THPT, kết hợp điểm thi tốt nghiệp với chứng chỉ ngoại ngữ quốc tế, xét dựa vào điểm thi đánh giá năng lực của Đại học Quốc gia Hà Nội. Từ chỗ chỉ tuyển sinh tuyển bằng tổ hợp B00 (Toán - Hóa - Sinh) trong hàng chục năm qua, năm nay Đại học Y Hà Nội dùng cả tổ hợp B08 (Toán - Sinh - Anh), D01 (Toán - Văn - Anh) và C00 (Văn - Sử - Địa). Chỉ tiêu, tổ hợp, phương thức xét tuyển Ông Tùng cho biết dù sử dụng các tổ hợp mới, trường chỉ áp dụng với hai ngành, số lượng chỉ tiêu cũng không nhiều. Trong đó, ngành Y tế công cộng tuyển bằng tổ hợp B08 (Toán - Sinh - Anh) và D01 (Toán - Văn - Anh), ngành Tâm lý học dùng D01 và C01 (Văn - Sử - Địa), bên cạnh tổ hợp truyền thống là B00. Chỉ tiêu cho mỗi tổ hợp ở mỗi ngành là 20 sinh viên. Với Tâm lý học - ngành mới mở, ông Tùng lý giải ngành này thuộc lĩnh vực khoa học xã hội và hành vi, có nhiều phần kiến thức liên quan đến các môn xã hội. Cụ thể, các môn cơ sở mà sinh viên cần học là Nhân học và xã hội học sức khỏe, Cơ sở văn hóa Việt Nam, Giáo dục và nâng cao sức khỏe, Tâm lý học xã hội, Tâm lý học nhận thức, Tâm lý học giáo dục, Sức khỏe tâm thần, Tham vấn tâm lý... Y tế công cộng là ngành khoa học về phòng ngừa bệnh tật, kéo dài tuổi thọ, tăng cường sức khỏe và hiệu quả thể chất thông qua những cố gắng của cộng đồng. Nhà trường đã tuyển sinh ngành này nhiều năm, tỷ lệ sinh viên tốt nghiệp có việc làm luôn đạt 94-98%. Sinh viên ra trường chủ yếu làm cho các tổ chức quốc tế, phi chính phủ, các dự án cần sử dụng tiếng Anh nhiều. ""Căn cứ chương trình đào tạo, yêu cầu về năng lực của các bên, trong đó có nhà tuyển dụng, chúng tôi quyết định mở rộng tổ hợp xét tuyển"", ông Tùng nói. ""Việc này cũng giúp trường tiếp cận được với nhiều học sinh THPT mong muốn theo học ngành này hơn"". Đại diện nhà trường nhấn mạnh với các ngành đào tạo khối sức khỏe truyền thống, trường vẫn chỉ xét tuyển bằng tổ hợp B00 (Toán - Hóa - Sinh). Y tế công cộng và Tâm lý học có thời gian đào tạo 4 năm. Đại học Y Hà Nội dự kiến thu học phí năm học 2024-2025 ở hai ngành, lần lượt là 20,9 và 15 triệu đồng. Trước Y Hà Nội, một số đại học tuyển sinh ngành Y tế công cộng bằng tổ hợp Toán - Sinh - Anh, Toán - Văn - Anh hoặc cả hai như Đại học Y tế công cộng, Đại học Y Dược Buôn Ma Thuột. Trong khi đó, ngành Tâm lý học được đào tạo ở nhiều trường khối xã hội, như Đại học Khoa học Xã hội và Nhân văn, Đại học Sư phạm Hà Nội, Đại học Sư phạm TP HCM... Dương Tâm","Thứ hai, 10/6/2024, 15:00 (GMT+7)"
"Điểm chuẩn lớp 10 Phổ thông Năng khiếu tăng, cao nhất 33,75","Theo thông báo của trường trưa 10/6, lớp chuyên Hóa tại cơ sở quận 5 lấy điểm chuẩn cao nhất - 33,75, tăng 0,75 so với năm ngoái. Tiếp theo là lớp chuyên Tiếng Anh và Toán, lần lượt với 32,4 và 32,35 điểm, tăng 0,6-1,55 điểm. Ở cơ sở Thủ Đức, lớp chuyên Hóa liên ngành dẫn đầu với 29 điểm, thấp nhất là lớp Sinh liên ngành, lấy 23,5 điểm. Thí sinh tra cứu điểm thi tại đây Nhìn chung, điểm chuẩn hầu hết lớp chuyên tăng, mạnh nhất là lớp chuyên Tin học ở tổ hợp 5 (Toán, Văn, Anh và Tin chuyên), cao hơn 7,5 điểm so với năm trước. Điểm chuẩn lớp này ở tổ hợp 1 (Toán, Văn, Anh và Toán chuyên) cũng tăng 2 điểm. Một số lớp giảm điểm chuẩn là Ngữ văn và các lớp liên ngành, chừng khoảng 0,75-3 điểm. Điểm chuẩn lớp 10 trường Phổ thông Năng khiếu năm 2024 như sau: Phổ thông Năng khiếu, Đại học Quốc gia TP HCM, là một trong những trường chuyên nổi tiếng nhất cả nước. Năm học vừa qua, học sinh của trường giành gần 60 giải thi học sinh giỏi quốc gia, 5 em vào vòng chọn đội tuyển Olympic quốc tế và khu vực. Hơn 40% học sinh lớp 12 (khoảng 300 em) đỗ và giành học bổng du học. Với 595 suất học, kỳ thi tuyển sinh vào lớp 10 năm nay có tỷ lệ chọi trung bình là 1/6,5. Đây là tỷ lệ cạnh tranh cao nhất của trường trong 6 năm qua. Điểm xét tuyển là tổng điểm ba bài thi Toán, Tiếng Anh, Ngữ văn (hệ số 1) và bài thi môn chuyên (hệ số 2). Lệ Nguyễn","Thứ hai, 10/6/2024, 12:40 (GMT+7)"
Thủ khoa đánh giá năng lực ĐH Quốc gia TP HCM đạt 1.116 điểm,"Sáng 10/6, Đại học Quốc gia TP HCM cho biết điểm trung bình của các thí sinh là 725,8/1.200, cao hơn đợt đầu (643,4). Thí sinh dẫn đầu đợt thi này đạt 1.116 điểm, cao hơn đợt trước 40 điểm. Người có điểm số thấp nhất đạt 289 điểm. Đại học này nhận định phân bố điểm đợt 2 có phần ""lệch phải"" (cao hơn) so với đợt 1, có thể do hơn một nửa số thí sinh (28.013) đã dự thi trước đó. Nhóm thí sinh này có kết quả thi đợt 1 cao hơn so mặt bằng chung, có kinh nghiệm thi, đồng thời có thêm hai tháng để ôn tập, tổng hợp kiến thức, nên kết quả làm bài tốt hơn. Về hai câu hỏi mà thí sinh nghi có sai sót, Đại học Quốc gia TP HCM thừa nhận có hai lỗi kỹ thuật trong đề. Ở mã đề 115, câu 52 thiếu chữ ""không"" ở câu ""K là người duy nhất nặng hơn L"". Câu đúng phải là: ""K là người duy nhất không nặng hơn L"". Lỗi thứ hai ở câu 71, thừa một số 2 ở trước ký hiệu Br2 tại phương trình phản ứng hóa học ""Z + 2Br2 + H2O → CH3COOH + 2 HBr"". Câu đúng phải là: ""Z + Br2 + H2O → CH3COOH + 2 HBr"". Hội đồng thi đã quyết định chấm điểm 2 câu hỏi bị lỗi cho tất cả thí sinh dự thi. Năm 2024, Đại học Quốc gia TP HCM tổ chức hai đợt thi đánh giá năng lực. Đợt 1 diễn ra vào đầu tháng 4 với gần 94.000 thí sinh, điểm trung bình là 643,4/1.200. Ở mức trên 1.000 điểm chỉ có 80 người, thủ khoa đạt 1.076 điểm. Kỳ thi đợt 2 được tổ chức tại 14 tỉnh, thành từ Thừa Thiên Huế trở vào với khoảng 39.000 thí sinh. Kết quả của kỳ thi được 109 trường đại học, cao đẳng sử dụng để xét tuyển đầu vào. Năm ngoái, điểm chuẩn xét theo điểm thi đánh giá năng lực của Đại học Quốc gia TP HCM khoảng 600-1.035/1.200 điểm. Lệ Nguyễn","Thứ hai, 10/6/2024, 11:57 (GMT+7)"
Đề thi các môn chuyên lớp 10 ở Hà Nội năm 2024,"Năm nay, bốn trường chuyên và có lớp chuyên của thủ đô là Hà Nội - Amsterdam, chuyên Nguyễn Huệ, Chu Văn An và Sơn Tây, tuyển gần 3.000 học sinh, tăng hơn 300 so với năm ngoái. Trong đó, chuyên Hà Nội - Amsterdam tuyển nhiều nhất - 820 em. Điểm xét tuyển là tổng điểm ba môn Toán, Ngữ văn, Ngoại ngữ và môn chuyên nhân hệ số hai. So với năm ngoái, tỷ lệ chọi vào lớp 10 chuyên nhìn chung giảm. Lớp Tiếng Anh của trường THPT chuyên Nguyễn Huệ có độ cạnh tranh cao nhất - 1/19,5, giảm so với mức 1/21 năm ngoái. Lớp Tiếng Nga của chuyên Hà Nội - Amsterdam thấp nhất, chỉ 1/0,77. Về điểm chuẩn, trường THPT chuyên Hà Nội - Amsterdam luôn lấy cao nhất, trung bình khoảng 8 điểm mỗi môn trở lên. Hai năm gần đây, dẫn đầu là lớp chuyên Tiếng Trung - trên 43/50 điểm. Các lớp lấy đầu vào trên 40 còn có Tiếng Anh, Vật lý, Tiếng Nga, còn lại trên 37 điểm. THPT chuyên Nguyễn Huệ và THPT Chu Văn An thường lấy điểm chuẩn 36-38. Chuyên Sơn Tây lấy điểm chuẩn thấp nhất, khoảng 20-34,5/50 điểm, tùy môn. Sở Giáo dục và Đào tạo Hà Nội cho biết sẽ công bố điểm thi lớp 10 năm nay trước ngày 2/7, điểm chuẩn sau đó 4-7 ngày. Dương Tâm - Thanh Hằng","Thứ hai, 10/6/2024, 11:05 (GMT+7)"
Đáp án đề thi Toán vào lớp 10 chuyên Tin ở Hà Nội năm 2024,"Đề thi như sau: Xem lời giải Xem đề thi tất cả môn chuyên của Hà Nội Năm nay, gần 1.200 học sinh đăng ký nguyện vọng vào lớp chuyên Tin của 4 trường: THPT chuyên Hà Nội - Amsterdam, Nguyễn Huệ, THPT Chu Văn An và Sơn Tây. Trong khi đó, tổng chỉ tiêu là 210. Trong đó, lớp chuyên Tin của trường Chu Văn An có tỷ lệ chọi cao nhất - 1/7,2. Điểm xét tuyển là tổng điểm ba môn Toán, Ngữ văn, Ngoại ngữ (hệ số 1) cộng điểm bài thi Toán hôm nay (hệ số hai). Dương Tâm - Thanh Hằng","Thứ hai, 10/6/2024, 10:42 (GMT+7)"
Lời giải đề thi Toán chuyên lớp 10 ở Hà Nội năm 2024,"Đề thi như sau: Xem lời giải Sau ba bài thi Toán, Văn, Anh hôm 8-9/6, hôm nay những em có nguyện vọng vào các lớp chuyên làm thêm bài thi chuyên trong 150 phút. Bốn trường chuyên của Hà Nội sẽ tuyển gần 3.000 học sinh, tăng hơn 300 so với năm ngoái. Với lớp chuyên Toán, tổng chỉ tiêu là 210, trong khi số thí sinh đăng ký gần 1.100. Trường Chu Văn An có tỷ lệ chọi ở lớp chuyên Toán cao nhất - 1/7,74, kế đó là chuyên Nguyễn Huệ với 1/5,8. Chuyên Hà Nội - Amsterdam và Sơn Tây có mức cạnh tranh lần lượt là 1/3,9 và 1/3,14. Điểm xét tuyển là tổng điểm ba môn Toán, Ngữ văn, Ngoại ngữ, cộng điểm môn chuyên nhân hệ số hai. Năm ngoái, điểm chuẩn lớp chuyên Toán là 30-40,25/50, cao nhất ở trường chuyên Hà Nội - Amsterdam. Dương Tâm - Thanh Hằng","Thứ hai, 10/6/2024, 10:42 (GMT+7)"
"Lịch công bố điểm thi lớp 10 của các tỉnh, thành phố","Đến 10/6, khoảng 50 địa phương tổ chức xong kỳ thi vào lớp 10 công lập. Trong đó, Quảng Trị đã công bố điểm thi hôm 6/6. Hải Dương, Vĩnh Phúc, Bình Định dự kiến công bố điểm thi trong hai ngày tới. Trong khi, Ninh Bình, Bắc Giang, Nghệ An, Hải Phòng, Đồng Nai... lần lượt thông báo kết quả từ ngày 14 đến 18/6. Hai thành phố lớn nhất nước công bố điểm thi muộn hơn: TP HCM vào ngày 20/6, Hà Nội trước ngày 2/7. Điểm chuẩn được công bố sau đó vài ngày. Lịch công bố điểm thi vào lớp 10 của các tỉnh, thành như sau: Hiện việc tổ chức tuyển sinh vào lớp 10 do các địa phương tự quyết định, dựa theo quy chế của Bộ Giáo dục và Đào tạo. Năm 2024, hầu hết tỉnh, thành tổ chức thi vào lớp 10 với ba môn Toán, Văn, Tiếng Anh. Một số tỉnh xét tuyển vào hệ đại trà, chỉ tổ chức thi vào hệ chuyên như Đồng Tháp, Gia Lai, Lâm Đồng, Quảng Nam. Đây là kỳ thi cuối cùng theo chương trình giáo dục phổ thông 2006. Từ năm sau, học sinh sẽ thi theo chương trình mới (2018). Bình Minh","Thứ hai, 10/6/2024, 09:54 (GMT+7)"
"Điểm chuẩn lớp 10 ở Hà Nội có thể giảm 0,5-1","Hơn 105.000 học sinh Hà Nội hoàn thành kỳ thi vào lớp 10 công lập không chuyên với ba môn Văn, Ngoại ngữ và Toán, chiều 9/6. Các giáo viên nhận xét đề thi có cấu trúc quen thuộc, tương tự các năm trước. Ở mỗi môn, thí sinh đều không khó để đạt 6-7 điểm. Xem điểm chuẩn lớp 10 ở Hà Nội ba năm qua Ngữ văn là môn thi đầu tiên. Đề gồm hai phần, lần lượt 6,5 và 3,5 điểm. Phần I cho 8 câu thơ trong bài Đồng chí của Chính Hữu, hỏi thí sinh về thể thơ, ý nghĩa của từ ngữ, hình ảnh, sau đó yêu cầu viết một đoạn văn 15 câu làm rõ hình ảnh người lính (nghị luận văn học). Ở phần II, học sinh được hỏi ""có ích kỷ không nếu chúng ta không sống để đáp ứng mong đợi của người khác"", đồng thời thể hiện quan điểm bằng cách viết một đoạn văn với chủ đề: Nên ứng xử thế nào trước mong đợi của những người thân yêu (nghị luận xã hội). Theo nhiều giáo viên, đề Văn khó hơn năm ngoái một chút, tính phân hóa thể hiện ở hai câu viết đoạn văn. Câu nghị luận xã hội có chủ đề gần gũi nhưng nội dung mở, đòi hỏi học sinh nêu được quan điểm và hành động phù hợp với hoàn cảnh. Còn để lấy hết điểm bài nghị luận văn học, ngoài việc cảm nhận những khía cạnh của hình tượng người lính, các em cần phân tích được cách miêu tả, chọn lọc chi tiết vừa chân thực, vừa có sức gợi cao của nhà thơ. ""Phổ điểm trung bình khoảng 6,5-7. Điểm từ 8 trở lên sẽ thuộc về những bài viết cẩn thận, khai thác hết ý nghĩa của các tín hiệu nghệ thuật trong phần nghị luận văn học; bày tỏ được ý kiến đa chiều, sâu sắc ở nghị luận xã hội"", cô Dương Thùy Linh, phụ trách môn Ngữ văn hệ THCS, trường M.V.Lômônôxốp, đúc kết. Tiếng Anh có độ khó rõ ràng hơn. Đề thi gồm 40 câu trắc nghiệm, kiểm tra kiến thức ngữ âm, từ vựng, ngữ pháp, đọc hiểu và viết câu của học sinh. Điểm khác biệt so với năm ngoái là ở các câu hỏi thuộc dạng bài giao tiếp, đọc chọn đáp án và phần trọng âm. Ví dụ, ở phần giao tiếp, đề đưa vào các tình huống thực tế, lấy ngữ cảnh là biển báo hoặc thông báo. Phần trọng âm, đề có những từ 3-4 âm tiết thay vì 2-3 như trước. Cô Trần Thị Hương Giang, giáo viên Tiếng Anh trường THCS Giảng Võ, nhận xét đề thi có nhiều câu gây bối rối, phân loại học sinh. Tỷ lệ câu khó của đề khoảng 15-20%. Vì vậy, mức điểm phổ biến được dự đoán là 7-8; số thí sinh đạt 9-10 sẽ ít hơn năm ngoái. Đây cũng là nhận định của các giáo viên với đề thi môn Toán. Đề thi có 5 câu, trong đó câu 4 là bài hình học, chiếm nhiều điểm nhất. Cô Lê Thị Thu Hà, Tổ trưởng Tự nhiên, trường Tiểu học và THCS FPT, đánh giá các câu hỏi nhận biết, thông hiểu chiếm 7,25 điểm. Học sinh khá có thể dễ đạt mức này. Với các câu còn lại, tính phân loại cao hơn, đặc biệt ở hai ý cuối bài hình và câu 5 về bất đẳng thức. Theo cô Hà, mức điểm phổ biến với môn Toán là 7,25-7,75. Với cách tính điểm xét tuyển là tổng ba môn, trong đó Toán và Văn nhân hệ số hai, nhiều giáo viên dự đoán điểm chuẩn giảm. ""Môn Văn và Tiếng Anh khó hơn, nên việc đề Toán ổn định và vẫn đảm bảo tính phân hóa, thì điểm chuẩn thi lớp 10 năm nay có thể giảm 0,5-1 điểm"", cô Hà nói. Cô Nguyễn Thị Vân Hồng, hiệu trưởng trường THCS Chương Dương, quận Hoàn Kiếm, đưa ra nhận định tương tự. Theo cô, tính phân hóa của cả ba môn đều rất tốt, học sinh không khó để lấy điểm 6, nhưng từ mức 8 trở lên sẽ thấy khác biệt rõ rệt. Hiệu trưởng một trường THCS ở quận Ba Đình cho rằng cần đọc biểu điểm chấm các môn, nhất là môn Văn mới có thể đưa ra dự đoán sát nhất. Song, bước đầu, cô đánh giá điểm chuẩn lớp 10 năm nay ""khả năng cao không tăng"" so với năm ngoái. Sở Giáo dục và Đào tạo Hà Nội cho biết sẽ công bố điểm thi trước ngày 2/7, điểm chuẩn sau đó 4-7 ngày. Tổng cộng, hơn 77.000 học sinh có suất học công lập năm nay. Thanh Hằng","Thứ hai, 10/6/2024, 05:00 (GMT+7)"
"Đề thi Toán 'dễ thở', có thể nhiều điểm 7-8","10h sáng ngày 9/6, hơn 105.000 thí sinh Hà Nội hoàn thành bài thi Toán - môn cuối trong kỳ thi vào lớp 10 công lập năm nay. Đề thi có 5 câu, trong đó câu 4 là bài hình học, chiếm nhiều điểm nhất. Xem đề thi và gợi ý đáp án Đánh giá chung, các giáo viên đều nhận xét đề thi có cấu trúc quen thuộc. Cô Lê Thị Thu Hà, Tổ trưởng Tự nhiên, trường Tiểu học và THCS FPT, quận Cầu Giấy, cho biết các câu hỏi ở mức độ nhận biết và thông hiểu chiếm 7,25 điểm. Những câu khó, mang tính phân loại nằm ở hai ý cuối bài hình và câu 5 về bất đẳng thức. Cô Ngô Thị Tuyên, giáo viên Toán trường THCS Giảng Võ, lưu ý thêm, ý c câu 1 rơi vào dạng bất phương trình, học sinh cần loại nghiệm x = 1 theo điều kiện xác định thì mới lấy được trọn vẹn điểm. Câu 5 mọi năm thường khó, nhiều học sinh có suy nghĩ ""bỏ qua"", song theo cô Tuyên, cách ra đề năm nay không quá đánh đố, khuyến khích học sinh tư duy. Các em có thể sử dụng một số phương pháp quen thuộc như dồn biến, bất đẳng thức cô-si chọn điểm rơi... Cả cô Hà và cô Tuyên đều đánh giá so với đề thi các năm trước, điểm nhấn của đề năm nay rơi vào bài 2, yêu cầu thí sinh lập phương trình hoặc hệ phương trình. Chất liệu câu hỏi được lấy từ Lễ kỷ niệm 70 năm chiến thắng Điện Biên Phủ - sự kiện diễn ra đầu tháng 5. ""Đề thi đã ứng dụng được môn Toán vào cuộc sống, kết nối học sinh với sự kiện có thật"", cô Tuyên nói. Theo cô Đinh Tuyết Trinh, phụ trách môn Toán bậc THCS, trường THCS và THPT M.V.Lômônôxốp, đề thi dễ thở, song vẫn có một số phần ""gài bẫy"", dễ mất điểm; chẳng hạn xác định sai đại lượng ở ý a câu 2, quên đặt điều kiện cho ẩn trong ý a câu 3. Nhận định về mức điểm nhiều học sinh đạt được, cô Hà và cô Tuyên dự đoán đỉnh phổ điểm rơi vào khoảng 7,25-7,75, học sinh khá giỏi, làm bài cẩn thận có thể đạt từ 8,5 trở lên. Cô Tuyết Trinh cũng đồng tình, điểm tập trung nhiều nhất quanh mức 7-7,75. ""Tuy nhiên, tỷ lệ điểm 8-8,75 có thể giảm, điểm 9-10 cũng không nhiều"", cô Trinh nói. Toán là môn chung cuối cùng trong kỳ thi vào lớp 10 công lập ở Hà Nội. Hơn 105.000 thí sinh đã hoàn thành hai môn Văn và Ngoại ngữ vào hôm qua. Ngày 10/6, khoảng 10.000 em có nguyện vọng thi lớp chuyên sẽ làm bài thi môn chuyên. Sở Giáo dục và Đào tạo Hà Nội cho biết điểm thi được công bố chậm nhất vào ngày 2/7, điểm chuẩn sau đó 4-7 ngày. Tổng cộng, hơn 77.000 học sinh có suất học công lập năm nay. Xem đề và lời giải môn Văn Xem đề và lời giải môn Tiếng Anh Thanh Hằng - Dương Tâm","Chủ nhật, 9/6/2024, 12:30 (GMT+7)"
Lời giải đề thi Toán lớp 10 ở Hà Nội năm 2024,"Xem đề thi Dưới đây là phần lời giải chi tiết của thầy Võ Quốc Bá Cẩn, Nguyễn Lê Phước, Nguyễn Tiến Dũng, Phan Quang Linh (giáo viên trường Archimedes Academy, Hà Nội), thầy Trần Đức Hiếu (trường THPT chuyên Hà Nội - Amsterdam), thầy Trần Quang Độ, Vũ Minh Đức, Nguyễn Văn Quý (câu lạc bộ CMATH) và Đào Phúc Long (sinh viên Đại học Bách khoa Hà Nội): Toán là môn chung cuối cùng trong kỳ thi vào lớp 10 công lập ở Hà Nội. Hơn 105.000 thí sinh đã hoàn thành hai môn Văn và Ngoại ngữ vào hôm qua. Ngày 10/6, khoảng 10.000 em có nguyện vọng thi lớp chuyên sẽ làm bài thi môn chuyên. Sở Giáo dục và Đào tạo Hà Nội cho biết điểm thi được công bố chậm nhất vào ngày 2/7, điểm chuẩn sau đó 4-7 ngày. Tổng cộng, hơn 77.000 học sinh có suất học công lập năm nay. Xem đề và lời giải môn Văn Xem đề và lời giải môn Tiếng Anh Thanh Hằng - Dương Tâm","Chủ nhật, 9/6/2024, 10:23 (GMT+7)"
Đề Toán thi lớp 10 ở Hà Nội năm 2024,"Đề thi như sau: * Cập nhật đáp án Kỳ thi lớp 10 của Hà Nội diễn ra ngày 8-9/6. Hôm qua, thí sinh đã làm bài thi môn Văn và Tiếng Anh. Sau một buổi chiều nghỉ ngơi, khoảng 10.000 em có nguyện vọng vào lớp chuyên sẽ thi thêm bài môn chuyên vào ngày mai. Sở Giáo dục và Đào tạo Hà Nội cho biết điểm thi được công bố chậm nhất vào ngày 2/7, điểm chuẩn sau đó 4-7 ngày. Tổng cộng, hơn 77.000 học sinh có suất học công lập năm nay. Xem đề và lời giải môn Văn Xem đề và lời giải môn Tiếng Anh Thanh Hằng - Dương Tâm","Chủ nhật, 9/6/2024, 10:05 (GMT+7)"
Đáp án đề thi Toán chuyên lớp 10 ở Nghệ An,"Đề thi như sau: Đáp án gợi ý Năm nay, Nghệ An có 44.000 học sinh thi lớp 10 - cao kỷ lục. Thí sinh thi vào trường không chuyên làm bài thi Toán, Ngữ văn và Ngoại ngữ trong hai ngày 5-6/6. Hơn 2.100 học sinh đăng ký vào trường THPT chuyên Phan Bội Châu thi thêm môn chuyên vào hôm nay, tranh 525 suất vào trường. Điểm xét tuyển vào trường chuyên là tổng điểm bốn môn, trong đó môn chuyên hệ số ba.","Thứ bảy, 8/6/2024, 19:09 (GMT+7)"
"Đề tiếng Anh lớp 10 'khó hơn năm ngoái, ít điểm 9, 10'","Chiều 10/6, học sinh Hà Nội hoàn thành bài thi môn Tiếng Anh vào lớp 10. Đề thi gồm 40 câu trắc nghiệm, kiểm tra kiến thức ngữ âm, từ vựng, ngữ pháp, đọc hiểu và viết câu của học sinh, trong 60 phút. Nhiều giáo viên đánh giá đề có độ khó và tính phân loại cao hơn năm ngoái. Đề thi môn tiếng Anh và gợi ý giải đề Cô Đinh Bích Liên, phụ trách Tiếng Anh hệ THCS của trường THCS và THPT M.V. Lômônôxốp, cho biết nội dung kiến thức được hỏi có độ phủ rộng. Trong đó, 60-70% câu ở mức độ nhận biết và thông hiểu, 30-40% là câu vận dụng và vận dụng cao. Các câu hỏi ở mức độ nhận biết rơi vào phần trọng âm (đa âm tiết), nhóm 10 câu hỏi nhận biết ngữ pháp về thì, câu điều kiện loại 1, so sánh, dạng của từ, câu ước, câu điều kiện loại 2, giới từ chỉ địa điểm, đại từ quan hệ và một số cấu trúc quen thuộc. ""Đây đều là những kiến thức nằm trong chương trình mà các thầy cô đã cho học sinh ôn luyện"", cô Liên nói. Theo cô Liên, một số câu vận dụng và vận dụng cao buộc thí sinh phải mở rộng kiến thức về giao tiếp thực tế như câu 1 và các câu 26-30 của bài đọc trong mã đề 122. Cũng ở mã đề này, các câu 15, 18, 31, 33 không quá khó nhưng lại dễ gây nhầm lẫn. Các câu hỏi phân loại được học sinh khá, giỏi có thể kể đến như câu 19 bài đọc hiểu, câu 24 về chọn từ trái nghĩa, câu 40 bài sửa lỗi sai. Điểm khác biệt rõ nhất so với năm ngoái, theo cô Liên là ở các câu hỏi thuộc dạng bài giao tiếp, đọc chọn đáp án và phần trọng âm. Ví dụ, ở phần giao tiếp, đề đưa vào các tình huống thực tế, lấy ngữ cảnh là biển báo hoặc thông báo. Phần trọng âm, đề có những từ 3-4 âm tiết thay vì 2-3 như trước. ""Nhìn chung, điểm thi môn Tiếng Anh năm nay có thể giảm so với các năm trước do thí sinh mất điểm ở một số câu dễ gây nhầm lẫn và những câu mang tính phân loại"", cô Liên nói. Cô Trần Thị Hương Giang, giáo viên Tiếng Anh trường THCS Giảng Võ, quận Ba Đình, cho hay điểm mới của đề thi năm nay là sử dụng nhiều từ vựng có trong sách giáo khoa tiếng Anh lớp 9. Nhiều câu hỏi có tính thực tiễn được lồng vào bài thi. Chung nhận định với cô Liên, cô Giang chỉ ra một số câu gây bối rối cho học sinh như câu 31, 35, 36, 40 của mã đề 103. Nhiều câu của đề này có tính phân loại, như câu 3, 14, 28, 21, 40... Theo cô Giang, tỷ lệ câu khó của đề thi khoảng 15-20%. Nói thêm, cô Cù Thị Thu Thủy, giáo viên Tuyensinh247, nhìn nhận thí sinh phải suy nghĩ và phân tích đề bài cẩn thận mới có thể làm bài tốt. Đánh giá đề khó hơn năm ngoái, cô Giang dự báo mức điểm phổ biến là 7,5-8, cô Thủy đưa ra mức 7-8, trong khi cô Liên cho rằng chỉ quanh mức 7. Cả ba chung nhận định số thí sinh đạt điểm 9, 10 sẽ ít hơn năm ngoái. Sở Giáo dục và Đào tạo Hà Nội hàng năm không công bố phổ điểm thi lớp 10 của các môn. Song, năm ngoái, sau bài thi Tiếng Anh, các giáo viên nhận định đề có 80% câu hỏi ở mức độ nhận biết, khoảng 20% câu khó, học sinh dễ đạt điểm 7,5, mức 9-10 cũng không quá khó. Ngày mai, thí sinh làm bài thi môn Toán trong 120 phút. Thí sinh có nguyện vọng vào hệ chuyên thi thêm ngày 10/6. Trong ngày thi đầu tiên, Sở Giáo dục và Đào tạo cho biết có hơn 105.000 thí sinh dự thi, vắng gần 500 em so với đăng ký ban đầu. Có hai thí sinh bị đình chỉ vì mang điện thoại vào phòng thi ở môn Văn. Năm nay, 127 trường THPT công lập (gồm cả trường chuyên, trường tự chủ) sẽ tuyển 77.000 em. Điểm thi được công bố chậm nhất vào ngày 2/7, điểm chuẩn sau đó 4-7 ngày.","Thứ bảy, 8/6/2024, 17:47 (GMT+7)"
Đáp án đề thi tiếng Anh lớp 10 ở Hà Nội năm 2024,"Chiều 8/6, hơn 105.000 thí sinh hoàn thành bài thi Ngoại ngữ, chủ yếu là Tiếng Anh, trong 60 phút. Xem 24 mã đề thi môn Tiếng Anh - Dự đoán phổ điểm thi Sau đây là đáp án tham khảo của Trung tâm Tuyensinh247. Đáp án chính thức của Sở Giáo dục và Đào tạo Hà Nội sẽ được cập nhật sau. Mã đề 101: Mã đề 102: Mã đề 103: Mã đề 104: Mã đề 105: Mã đề 106: Mã đề 107: Mã đề 108: Mã đề 109: Mã đề 110: Mã đề 111: Mã đề 112: Mã đề 113: Mã đề 114: Mã đề 115: Mã đề 116: Mã đề 117: Mã đề 118: Mã đề 119: Mã đề 120: Mã đề 121: Mã đề 122: Mã đề 123: Mã đề 124: Kỳ thi lớp 10 ở Hà Nội diễn ra ngày 8-9/6. Sau bài thi môn Ngữ văn và Tiếng Anh hôm nay, thí sinh thi môn Toán vào sáng 9/6. Những em có nguyện vọng vào hệ chuyên thi thêm ngày 10/6. Điểm xét tuyển của các trường đại trà là tổng ba môn, trong đó Toán và Ngữ văn nhân hệ số hai. Còn các trường chuyên tính tổng bốn môn với môn chuyên nhân đôi. Sở Giáo dục và Đào tạo cho biết 127 trường THPT công lập (gồm cả trường chuyên, trường tự chủ) sẽ tuyển 77.000 em. Điểm thi lớp 10 được công bố chậm nhất vào ngày 2/7, điểm chuẩn sau đó 4-7 ngày.","Thứ bảy, 8/6/2024, 15:28 (GMT+7)"
Đề thi Tiếng Anh lớp 10 ở Hà Nội năm 2024,,"Thứ bảy, 8/6/2024, 15:04 (GMT+7)"
Lời giải môn Vật lý thi lớp 10 chuyên ở TP HCM,"Xem đề thi Dưới đây là phần lời giải chi tiết của Thạc sĩ Trần Kỳ Vĩ, Tạp chí Vật lý và Tuổi trẻ, Hội Vật lý Việt Nam: Kỳ thi lớp 10 của TP HCM diễn ra ngày 6-7/6 với hơn 98.000 thí sinh, trong đó khoảng 7.600 đăng ký hệ chuyên. Dẫn đầu về tỷ lệ chọi là THPT chuyên Lê Hồng Phong - 1/5,5. Tiếp đó là THPT Gia Định và Mạc Đĩnh Chi, lần lượt là 1/2,4 và 1/2,3.","Thứ bảy, 8/6/2024, 14:46 (GMT+7)"
Đại học Y Hà Nội lần đầu xét tuyển khối C và D,"Đại học Y Hà Nội ngày 8/6 công bố đề án tuyển sinh, cho biết năm nay mở thêm ba ngành, gồm: Tâm lý học, Hộ sinh và Kỹ thuật phục hình răng. Do đó, số sinh viên tuyển mới là 1.720, tăng 350 so với năm ngoái. Bốn phương thức tuyển sinh là: xét tuyển thẳng, xét điểm thi tốt nghiệp THPT, kết hợp điểm thi tốt nghiệp với chứng chỉ ngoại ngữ quốc tế, xét dựa vào điểm thi đánh giá năng lực của Đại học Quốc gia Hà Nội (HSA). Đây là lần đầu tiên trường Y Hà Nội công nhận kết quả từ một kỳ thi riêng. Với phương thức xét kết hợp điểm thi và chứng chỉ tiếng Anh hoặc tiếng Pháp, trường chỉ áp dụng với ngành Y khoa, Răng Hàm Mặt, Điều dưỡng (chương trình tiên tiến). Trong đó, yêu cầu với ngành Y khoa và Răng Hàm Mặt là IELTS 6.5, TOEFL iBT 79-93 điểm, TOEFL ITP 561-589 điểm. Nếu dùng tiếng Pháp, điểm chứng chỉ là DELF B2 hoặc TCF 400 điểm. Riêng ngành Điều dưỡng, thí sinh cần đạt IELTS 5.0 trở lên hoặc tương đương. Thí sinh có các chứng chỉ này được giảm tối đa 3 điểm so với mức xét theo kết quả thi tốt nghiệp. Với điểm thi đánh giá năng lực, Đại học Y Hà Nội chỉ áp dụng cho ngành Hộ sinh và 3 ngành tại phân hiệu Thanh Hóa là Điều dưỡng, Kỹ thuật Xét nghiệm y học, Kỹ thuật phục hồi chức năng. Điểm sàn nhận hồ sơ theo phương thức này là 75/150. Ngoài ra, từ chỗ chỉ tuyển sinh tuyển bằng tổ hợp B00 (Toán, Hóa, Sinh) trong hàng chục năm qua, năm nay Đại học Y Hà Nội dùng cả tổ hợp D01 (Toán, Văn, Anh) và C00 (Văn, Sử, Địa). Trong đó, tổ hợp D01 áp dụng với ngành Y tế công cộng và Tâm lý học; C00 ngành Tâm lý học. Chỉ tiêu, tổ hợp, phương thức xét tuyển Năm 2024, học phí Đại học Y Hà Nội từ 15 đến 55,2 triệu đồng, tương tự năm ngoái, do trường đã tự chủ. Năm 2023, điểm chuẩn Đại học Y Hà Nội xét theo kết quả thi tốt nghiệp THPT từ 19 đến 27,73. Trong đó, ngành Y khoa cao nhất, thấp nhất là ngành Điều dưỡng ở phân hiệu Thanh Hóa. Dương Tâm","Thứ bảy, 8/6/2024, 14:06 (GMT+7)"
Đề thi Tiếng Anh lớp 10 ở Tiền Giang bị phản ứng,"Một ngày sau khi kỳ thi vào lớp 10 kết thúc, nhiều phụ huynh ở Tiền Giang bàn luận, lo lắng về đề thi môn Tiếng Anh. Cụ thể, đề có 6 trang, tổng 56 câu, trong đó 8 câu (từ câu 45 đến 52) thuộc phần đọc hiểu, được cho là nằm ngoài nội dung ôn tập. Với 8 câu hỏi này, đề đưa ra một đoạn trích về Chùa Hương trong sách giáo khoa tiếng Anh lớp 9. Thí sinh cần chọn một đáp án đúng trong 4 phương án cho sẵn, mỗi câu đúng được tính 0,25 điểm. Nhiều giáo viên tiếng Anh cho biết trước đó nội dung ôn thi dành cho học sinh gồm các bài: City life (Unit 2), Life in the past (Unit 4), Viet Nam: Then and Now (Unit 6), Changing roles in society (Unit 11), My future career (Unit 12). Trong khi, 8 câu nói trên thuộc Unit 5. ""Các câu trên không có trong tài liệu cấu trúc đề thi tuyển sinh lớp 10 của Sở Giáo dục và Đào tạo"", một giáo viên tiếng Anh ở TP Mỹ Tho, nói. Ông Thanh Hoàng ở Mỹ Tho cho hay con trai gặp khó vì nội dung ""lạ"", nhiều khả năng mất 2 điểm. Việc này ảnh hưởng tới tổng điểm xét tuyển vào lớp 10 công lập. ""Tôi và nhiều phụ huynh khác sẽ khiếu nại vụ việc để kết quả kỳ thi được khách quan"", ông nói. Ngày 7/6, ông Nguyễn Phương Toàn, Phó giám đốc Sở Giáo dục và Đào tạo tỉnh Tiền Giang, xác nhận đã phát hiện đề thi Tiếng Anh vào lớp 10 có sai sót. 8 câu trong đề không nằm trong 6 chủ đề giới hạn ôn thi của Sở, đúng như phụ huynh phản ánh. ""Sở sẽ hướng dẫn hội đồng chấm thi có phương án xử lý kết quả chấm phù hợp, đảm bảo quyền lợi cho tất cả thí sinh"", ông Toàn cho hay. Kỳ thi lớp 10 tại Tiền Giang diễn ra hôm 5-6/6 với hơn 21.000 thí sinh Nam An *Tên phụ huynh đã được thay đổi","Thứ bảy, 8/6/2024, 13:59 (GMT+7)"
"Giáo viên dự đoán điểm thi Văn ở Hà Nội phổ biến 6,5-7,5","Sáng 8/6, gần 106.000 thí sinh Hà Nội hoàn thành bài thi Văn - môn đầu tiên trong kỳ thi vào lớp 10. Đề Văn gồm hai phần, lần lượt 6,5 và 3,5 điểm. Phần I với 8 câu thơ trong bài Đồng chí của Chính Hữu, hỏi học sinh về thể thơ, những cặp hình ảnh tương ứng tạo nên sự sóng đôi, giá trị biểu đạt của từ ""đôi"" trong câu ""Anh với tôi đôi người xa lạ"". Ngoài ra, thí sinh phải viết một đoạn văn 15 câu làm rõ hình ảnh người lính, dùng phép lập luận quy nạp và các thành phần tình thái, thán từ. Phần II đưa ra một trích đoạn trong tác phẩm Dám bị ghét của Kishimi Ichiro và Koga Fumitake, hỏi học sinh ""có ích kỷ không nếu chúng ta không sống để đáp ứng mong đợi của người khác"". Các em còn cần viết một đoạn văn với chủ đề: Nên ứng xử thế nào trước mong đợi của những người thân yêu. Xem đề thi Xem gợi ý giải đề Cô Bùi Thị Thanh Hương, trường THCS Giảng Võ, quận Ba Đình, đánh giá đề thi cơ bản, gần gũi và giàu giá trị nhân văn. Đề có khoảng 70% câu hỏi nhận biết, thông hiểu, song vẫn đảm bảo tính phân hóa, nằm ở yêu cầu viết đoạn văn. Cụ thể, để phân tích hình ảnh người lính trong 8 câu thơ, thí sinh không thể trả lời chung chung, mà cần xác định rõ các phẩm chất để đưa vào luận điểm, gồm tình cảm đồng chí, đồng đội sâu sắc; tư thế dung dung, chủ động, lòng dũng cảm; ý chí của người chiến sĩ cách mạng kết hợp với tâm hồn lãng mạn rất thi sĩ. Nội dung phân hóa thứ hai, theo cô Hương, là câu hỏi nghị luận xã hội. ""Ứng xử thế nào trước mong đợi của người thân là vấn đề gần gũi, nhưng đòi hỏi thí sinh nêu được quan điểm và hành động phù hợp với đặc điểm và hoàn cảnh"", cô nói. Vì thế, cô Hương cho rằng đề năm nay khó hơn năm ngoái một chút. Phổ điểm vẫn khoảng 7-8, nhưng mức 7-7,5 có thể nhiều hơn. Đồng tình, song cô Dương Thùy Linh, phụ trách môn Ngữ văn hệ THCS, trường M.V.Lômônôxốp và cô Nguyễn Lệ Quyên, giáo viên hệ thống Tuyensinh247, dự đoán mức điểm nhiều thí sinh đạt được là 6,5-7. Cả hai cho rằng câu hỏi nghị luận xã hội có độ mở cao, có thể phát huy tư duy phản biện của học sinh. Còn đề nghị luận văn học quen thuộc nhưng cần xác định rõ nội dung nghị luận mới có thể lấy hết điểm. Ngoài việc cảm nhận những khía cạnh của hình tượng người lính, các em cần phân tích được cách miêu tả, chọn lọc chi tiết vừa chân thực, vừa có sức gợi cao của nhà thơ. ""Với đề này, phổ điểm trung bình khoảng 6,5-7. Điểm từ 8 trở lên sẽ thuộc về những bài viết cẩn thận, khai thác hết ý nghĩa của các tín hiệu nghệ thuật trong phần nghị luận văn học; bày tỏ được ý kiến đa chiều, sâu sắc ở nghị luận xã hội"", cô Linh đúc kết. Những năm trước, Sở Giáo dục và Đào tạo Hà Nội không công bố phổ điểm các môn thi. Song theo nhiều giáo viên, mức điểm phổ biến với môn Văn là 7. Chiều nay, thí sinh làm bài thi Ngoại ngữ trong 60 phút, sáng mai thi môn Toán (120 phút). Thí sinh có nguyện vọng vào hệ chuyên thi thêm ngày 10/6. Sở Giáo dục và Đào tạo cho biết 127 trường THPT công lập (gồm cả trường chuyên, trường tự chủ) sẽ tuyển 81.000 em. Điểm thi được công bố chậm nhất vào ngày 2/7, điểm chuẩn sau đó 4-7 ngày. Thanh Hằng - Dương Tâm","Thứ bảy, 8/6/2024, 12:16 (GMT+7)"
Hai học sinh bị đình chỉ thi vì mang điện thoại,"Sáng 8/6, khoảng 105.500 học sinh ở Hà Nội làm bài thi môn Ngữ văn, vắng gần 450 em. Theo Sở Giáo dục và Đào tạo Hà Nội, trong số này, hai thí sinh bị đình chỉ vì mang điện thoại vào phòng thi. Các em phải nộp lại bài làm, không được thi các buổi còn lại và bị hủy toàn bộ kết quả. Sở cho biết theo quy chế, thí sinh chỉ được mang theo bút viết, thước kẻ, bút chì, tẩy, êke, thước vẽ đồ thị, dụng cụ vẽ hình, máy tính cầm tay (không có chức năng soạn thảo văn bản và không có thẻ nhớ). Việc không mang điện thoại vào phòng thi đã được cán bộ, giáo viên nhiều lần nhắc nhở thí sinh cả trước và trong khi làm thủ tục thi. Sau bài thi Ngữ văn, chiều nay, thí sinh sẽ thi Ngoại ngữ, chủ yếu là Tiếng Anh. Ngày 9/6, các em kết thúc kỳ thi với môn Toán. Thí sinh có nguyện vọng vào hệ chuyên thi thêm ngày 10/6. Sở Giáo dục và Đào tạo cho biết 127 trường THPT công lập (gồm cả trường chuyên, trường tự chủ) sẽ tuyển 77.000 em. Điểm thi được công bố chậm nhất vào ngày 2/7, điểm chuẩn sau đó 4-7 ngày. Thanh Hằng","Thứ bảy, 8/6/2024, 11:52 (GMT+7)"
Học viện Ngoại giao công bố điểm chuẩn học bạ,"Theo thông báo của Học viện Ngoại giao Việt Nam chiều 13/6, điểm chuẩn xét tuyển học bạ kết hợp chứng chỉ quốc tế ở 8 ngành là 21,93 đến 24,74 điểm. Ở ba tổ hợp xét tuyển chính, gồm A01 (Toán, Lý, Anh), D01 (Toán, Văn, Anh) và D07 (Toán, Hóa Anh), ngành Kinh doanh quốc tế lấy đầu vào cao nhất - 23,82 điểm, thấp nhất là ngành Nhật Bản học với 21,93 điểm. Nếu đăng ký xét tuyển bằng tổ hợp A00 (Toán, Lý, Hóa), D03 (Toán, Văn, Pháp), D04 (Toán, Văn, Trung) và D06 (Toán, Văn, Nhật), thí sinh được áp dụng mức thấp hơn 1 điểm. Tuy nhiên, nếu đăng ký theo khối C00 ở một số ngành, điểm chuẩn sẽ cao hơn 1 điểm. Ở tổ hợp này, ngành Truyền thông quốc tế dẫn đầu với điểm chuẩn 24,74. Điểm chuẩn học bạ Học viện Ngoại giao năm 2024 như sau:","Thứ năm, 13/6/2024, 17:40 (GMT+7)"
Hơn 80 học sinh bị nhầm điểm thi lớp 6 vì khớp sai phách,"Đầu tháng 6, hơn 460 học sinh làm bài khảo sát để vào lớp 6, trường THCS Trần Phú, thành phố Phủ Lý, với ba môn Toán, Tiếng Việt và Tiếng Anh. Điểm xét tuyển = Điểm học bạ (trung bình cộng điểm cuối kỳ lớp 5 của ba môn Toán, Tiếng Việt, Tiếng Anh) + Tổng điểm kiểm tra x 2. Theo ông Trịnh Xuân Thắng, Trưởng phòng Giáo dục và Đào tạo thành phố, sau khi trường công bố điểm vào ngày 6/6, 54 phụ huynh gửi đơn đề nghị phúc khảo. Trong quá trình kiểm tra, trường THCS Trần Phú ""phát hiện một số sai sót"". Đầu tiên, 81 bài ở môn Toán đã bị khớp nhầm phách. Ở khâu này có 2 tổ, mỗi tổ 4 người, gồm người khớp phách và đọc điểm, nhập điểm và giám sát. Tuy nhiên, thay vì nhìn số ở tờ phách và tờ bài làm, người khớp phách lại khớp lần lượt, còn người giám sát không để ý. Ngoài ra, ở khâu tính điểm xét tuyển, người phụ trách đặt sai công thức tính. Thay vì lấy trung bình cộng của ba môn trong học bạ (thang 10) thì tính tổng ba môn này. ""Đây là sai sót đáng tiếc, chủ yếu từ sự chủ quan, vội vàng của người lập công thức, khớp phách và giám sát"", ông Thắng nói. ""Các khâu còn lại đều đúng quy định"". Phòng Giáo dục và Đào tạo đã chấm lại tất cả bài kiểm tra, ở cả ba môn và phát hiện thêm một bài Tiếng Anh bị cộng nhầm 1 điểm. Kết quả, có em bị giảm từ 9,75 xuống còn 2,5, cũng có trường hợp được tăng từ 1,25 lên 8,75 ở môn Toán. Cuối cùng, 11 em từ đỗ thành trượt, 4 em đỗ mới. ""Nhà trường đã xin lỗi các gia đình bị ảnh hưởng. Phòng yêu cầu trường THCS Trần Phú kiểm điểm và xem xét kỷ luật các cá nhân liên quan"", ông Thắng cho biết. THCS Trần Phú là trường chất lượng cao của Hà Nam, được tuyển sinh lớp 6 bằng cách xét học bạ kết hợp thi tuyển. Mỗi năm, trường tuyển 70 học sinh nhưng thường nhận được số hồ sơ gấp 4-6 lần. Thanh Hằng","Thứ năm, 13/6/2024, 15:50 (GMT+7)"
Hà Nội công bố đáp án 7 môn thi lớp 10,"Kỳ thi vào lớp 10 không chuyên ở Hà Nội diễn ra ngày 8-9/6 với hơn 105.000 thí sinh. Trong số này, 77.000 em có suất vào công lập. Thí sinh làm ba bài thi gồm Toán, Văn và Ngoại ngữ (Tiếng Anh, Pháp, Đức, Nhật, Hàn). Điểm xét tuyển là tổng ba môn, trong đó Toán và Văn nhân hệ số hai. Năm ngoái, hệ không chuyên, trường THPT Chu Văn An đứng đầu về điểm chuẩn với 44,5 điểm. Xếp thứ hai là THPT Kim Liên với 43,25, tiếp đó là Việt Đức (43), Phan Đình Phùng (42,75), Yên Hòa và Lê Quý Đôn - Hà Đông (cùng 42,25). Sở Giáo dục và Đào tạo cho biết sẽ chấm thi từ ngày 9 đến 23/6, công bố điểm thi trước ngày 2/7 và điểm chuẩn sau đó 4-7 ngày. Điểm chuẩn lớp 10 ở Hà Nội ba năm qua Thanh Hằng","Thứ năm, 13/6/2024, 13:55 (GMT+7)"
